,Words,Nonwords
0,grail,berrogi
1,forfeit,shivul
2,revolt,sabvarsuvi
3,slab,psychootry
4,glove,tromput
5,ornate,oerul
6,illicit,canfanu
7,lecturing,cuskat
8,flog,chirudu
9,calculate,ovesean
10,defer,censarvi
11,etiquette,cimmonul
12,mosaic,temo
13,regulate,fleki
14,scatter,ebuduunci
15,repeal,povang
16,contradict,athenil
17,probation,gollip
18,trendy,kerutu
19,collage,storuud
20,neon,topustry
21,biology,hidgeng
22,insignia,dima
23,avert,onsaang
24,evacuation,perogroph
25,trombone,pratan
26,flank,ratecuncu
27,grit,shody
28,reliably,dafuelt
29,woven,glava
30,waltz,duveso
31,tandem,sladgi
32,accuse,cemelutovu
33,nifty,pluesebla
34,fragility,iborrutaen
35,curse,dovarsufy
36,interfere,chack
37,brunt,nofty
38,impeccable,pircassaen
39,abusive,trevui
40,subversive,streng
41,chlorine,ritofy
42,scarcity,slecung
43,persevere,risuluant
44,feisty,connung
45,disrupt,firnica
46,amiable,songiunu
47,imaginary,fozzy
48,maul,dumunosh
49,weave,geeso
50,stammer,goelugy
51,trolley,ablavaen
52,mediocre,bebbleng
53,idle,druiry
54,waking,mecebro
55,proximity,riunstito
56,stung,gaigruphy
57,stimulate,sudeam
58,barrack,stoflu
59,behaving,borsirk
60,isolate,swuri
61,lovingly,nidgu
62,disruption,odupt
63,ominous,griuvu
64,humid,hoccep
65,ancestry,lakublu
66,diminish,sebur
67,spatial,spocafy
68,chuckle,mystuqao
69,raging,ibasung
70,slicing,shrena
71,doctrine,ulestuc
72,rhyme,cullesuin
73,patio,merky
74,vilified,truid
75,allure,roluent
76,chalet,unturcapt
77,clinch,sleck
78,tread,nevageta
79,surreal,antracitu
80,clip,ruut
81,shrewd,gawn
82,autonomy,orchevol
83,devote,sioni
84,comprehend,rasodu
85,chisel,clirafoid
86,geography,dasturt
87,deflect,cromsun
88,satirical,ortellary
89,communion,encastry
90,prudent,ovucaita
91,dread,dulesoan
92,sociology,imesi
93,oppressive,bilb
94,tavern,dizu
95,unison,gerrusun
96,feather,lotutedo
97,vulgar,ollomuneta
98,condemn,roloc
99,stifling,sunctein
100,reprimand,atornol
101,provoke,tonglu
102,whistling,riloubly
103,hoop,olivin
104,benevolent,banglo
105,muse,ombovelunt
106,chore,occloum
107,deed,dofacuuncy
108,shove,oncellury
109,complied,mulunchily
110,rhythmic,suleca
111,bouncy,prepal
112,shave,cinclesovi
113,horizontal,forecaty
114,ozone,stimpadu
115,platinum,usplonedi
116,variant,inosin
117,ghastly,wodth
118,obstacle,raprussuva
119,insomnia,fuddla
120,holistic,rippurt
121,easiest,peroty
122,libel,hurudotiry
123,antidote,fugarutuva
124,blunder,luvetery
125,breadth,fotaloty
126,receptive,wiuva
127,derive,censost
128,adhere,spuctro
129,repetition,strot
130,tabling,chranocla
131,adjunct,dorasoin
132,haze,underonco
133,font,atipei
134,remorse,deobly
135,berserk,rutrouva
136,starve,moltutodi
137,crippling,cropplung
138,oust,selen
139,eclipse,petea
140,tack,swirm
141,manic,breek
142,devoting,qaeunt
143,sturdy,despunsi
144,flush,holu
145,durability,campaleng
146,subsidise,rogoleti
147,juggle,scettur
148,sodium,sicauligy
149,jeep,stombli
150,pledging,cliw
151,conceive,tonth
152,license,prumosu
153,aroma,citlury
154,vying,entragou
155,assuring,soncaro
156,dire,keesk
157,sermon,selpher
158,eloquent,stomeletu
159,dart,blitent
160,rendezvous,enflax
161,anomaly,rapplo
162,tattoo,niglegublu
163,emphatic,daogrem
164,evacuate,vecitu
165,rebellion,restar
166,cheat,penutevi
167,ethanol,fencuad
168,soar,peduam
169,defy,slep
170,cutter,siceler
171,arithmetic,greavu
172,mock,turrud
173,residual,craach
174,horrific,uqoito
175,attentive,canjuctoru
176,trash,ontacu
177,atomic,wupt
178,visibly,siblemu
179,clutter,lanaer
180,lurid,fregrinco
181,abusing,fonk
182,cringe,gesh
183,cubic,shafflong
184,bamboo,lomp
185,emulate,gillunt
186,pretence,yorn
187,shudder,entrasovu
188,radiation,fetarustoc
189,hastily,fostuva
190,ecstatic,murtor
191,devise,gruppli
192,perch,fleng
193,beam,grudung
194,nudge,ipprossava
195,adversity,antorect
196,fluency,sebtly
197,invade,anneunda
198,crease,saffecu
199,abject,oppreusul
200,graft,idecitong
201,placebo,usculuta
202,plethora,besh
203,oblivion,tumod
204,liking,murphoni
205,cooler,ixobirenci
206,respite,atulusi
207,envisage,cyclocol
208,rust,senctety
209,puzzle,tronsmot
210,dynasty,hosh
211,terrified,peva
212,sleeve,oveka
213,generic,vanyl
214,eerie,runuw
215,cascade,civurt
216,fossil,chereteblo
217,descend,eusla
218,raffle,mergoo
219,hassle,vesebolaty
220,asphalt,blandir
221,bridal,cridli
222,benign,ibrept
223,symmetry,wikeng
224,flamboyant,ovisevu
225,nicotine,ridaunt
226,greeting,praclodo
227,lame,merel
228,mediate,bruwsang
229,grunt,mozu
230,juggling,climsy
231,conserving,entrensuc
232,prosper,orad
233,elastic,binegn
234,melodic,trit
235,anointed,ovud
236,adjective,stitoto
237,flee,hulva
238,perish,sletu
239,coinciding,qeurentuno
240,chill,dasgiasa
241,sprung,dall
242,esoteric,alaqaont
243,inject,raqaaim
244,activism,hictac
245,quantum,duveed
246,resurgence,ravironcu
247,avid,bunju
248,evaluating,desporuti
249,bannister,nemarucy
250,composing,skitch
251,rubble,wraeth
252,notch,dinito
253,impromptu,levalehiud
254,amicable,clemuctac
255,diagram,ficaletitu
256,laconic,prapisi
257,fusion,chint
258,consequent,goald
259,dodging,slaaght
260,brittle,rugoliteng
261,tracing,prouch
262,dissent,denk
263,animosity,murtaol
264,pinnacle,udjenct
265,divert,dafy
266,badminton,unumesuty
267,sorrow,unucdita
268,scraping,noitucil
269,imitate,pirseosean
270,scam,doctota
271,arbitrary,slish
272,diminutive,unjact
273,orient,rivirt
274,saxophone,focut
275,grievous,knat
276,sever,runivetung
277,canyon,frugmunt
278,fifty,orame
279,hesitate,iqiop
280,crimson,menaoivra
281,morgue,rucoept
282,smear,abscona
283,spun,uttoch
284,vinyl,thwirt
285,frivolous,ruvul
286,suspend,stimmur
287,chord,osphult
288,obligatory,domaoneer
289,trivia,tresh
290,pessimism,hoint
291,tram,cimui
292,zeal,scriem
293,pergola,tontotavi
294,posturing,duplime
295,colossal,vunem
296,keel,hestuly
297,banal,heost
298,wrestle,ogeluty
299,hating,emply
300,optimum,strind
301,cushion,menglang
302,escalating,dask
303,malaria,ruosang
304,shiny,steck
305,grieving,litant
306,parody,sorriel
307,defiant,huvec
308,caning,aith
309,awake,emmecilota
310,diploma,cassotaan
311,cluster,ibleqoo
312,satin,ripoil
313,tacit,lakong
314,snare,cinfar
315,evolving,histan
316,filtration,brollouncu
317,plentiful,antansufy
318,disdain,qoantat
319,tidal,ronk
320,podium,chiri
321,bitumen,oxcasi
322,amber,lyrac
323,prevalence,dwull
324,enclave,sparodec
325,compel,qaulefaar
326,inherit,weltz
327,tentative,crutoruin
328,heresy,eroint
329,acre,rupatiblu
330,communal,pluthure
331,trumpet,lebol
332,masculine,lebyronth
333,eternal,shoveng
334,knot,gluttir
335,stack,beruol
336,deficient,horosy
337,kiosk,dabotebla
338,fidelity,vesubly
339,pavement,guspol
340,slap,strida
341,paranoid,iceistuc
342,jolly,resy
343,asylum,iprin
344,facet,flink
345,garner,plecoto
346,pendulum,wruck
347,bolster,cialdrun
348,enhancing,beffor
349,consume,sluuk
350,slung,bloff
351,venerable,purudex
352,disco,siqeul
353,gratitude,veuli
354,convoy,centond
355,realm,ixpisetoan
356,rein,slupt
357,coffin,urruteteun
358,perceive,envesevi
359,maternal,epucolypsa
360,shack,chulecu
361,charade,suwor
362,bridging,gruit
363,protocol,uggrigota
364,sliver,chakod
365,inertia,cencasu
366,stain,ruka
367,acrimony,polatti
368,slope,husti
369,misery,cempotincy
370,rigour,clitch
371,quarry,spirt
372,collusion,ciptarung
373,robe,bitteluun
374,revision,fluri
375,width,danotang
376,drizzle,ridoitaen
377,loft,glecoor
378,hale,priphot
379,fray,erdiul
380,mediocrity,hiad
381,pentagon,tisslu
382,erupt,urida
383,glaring,fluur
384,slack,phurmucy
385,solace,poasong
386,enrol,ripraovu
387,battalion,romady
388,canoe,hemad
389,bonanza,sperel
390,loom,eboy
391,burrow,scossirs
392,decree,romersi
393,umpiring,purlior
394,didgeridoo,bler
395,reticence,gornur
396,endurance,sepromucy
397,menacing,stion
398,sterile,isylim
399,preach,pidostol
400,yarn,clironut
401,equip,diat
402,educating,rosampteun
403,livelihood,dovilga
404,oath,ixocurbeta
405,vicinity,onsimnau
406,amenity,dupact
407,blur,oluunutung
408,disturb,sprong
409,opal,daogneso
410,onset,porvusavu
411,intellect,mognot
412,sect,latony
413,deceit,ruft
414,nuisance,ipoqeu
415,arcade,evurt
416,pertinent,cinvargu
417,agony,pugoont
418,carton,dacancy
419,murky,risimeng
420,interact,rotruspuct
421,vigour,merean
422,antenna,diadirent
423,impeccably,rucopteva
424,compulsion,jally
425,judicious,desca
426,stead,tanong
427,plush,biolaverd
428,throttle,antorforo
429,billiard,liim
430,pawn,ullaro
431,poise,clorufy
432,cloak,sqauuzung
433,punt,retory
434,pamphlet,velgor
435,needle,dynemuta
436,remedy,vucunuty
437,administer,dacerutaan
438,rink,docout
439,sham,dulota
440,conquer,mult
441,wreath,grompy
442,scarce,niosenco
443,browsing,cenfosi
444,browse,antullact
445,waive,birrock
446,grazing,lecad
447,fencing,edoilugy
448,gospel,wellit
449,hygiene,jadecoeos
450,wallet,arthadaxy
451,diversify,stardy
452,taller,datrect
453,multitude,peko
454,pray,histy
455,intensify,pustur
456,integrate,trelagy
457,praising,eori
458,daft,amegung
459,bunker,jorgan
460,aspirant,wheff
461,stride,ebataury
462,primacy,prabeng
463,duplicate,teblaud
464,sulphur,vano
465,numerical,campal
466,persuading,odirung
467,reinstate,pemphlat
468,discreet,vualot
469,aisle,fristrotu
470,exploding,clattir
471,garment,pevumunt
472,brilliance,traogh
473,slid,dosreptuan
474,facilitate,ullovuutu
475,mulch,cunsar
476,pragmatism,sickut
477,residue,envuko
478,maturing,cincoovi
479,daisy,daport
480,spurt,ittoc
481,groove,rujieca
482,quotation,storuetypo
483,waging,moloeso
484,vengeance,shronk
485,propel,hurrubly
486,foil,fumaneno
487,festive,grevul
488,complacent,synthasos
489,haunt,daspesublo
490,palette,splesh
491,interpret,kottlu
492,plumbing,lettory
493,obituary,slod
494,immunity,fasu
495,fern,oqeotebla
496,complicate,oxarcosong
497,peril,ubresevi
498,flip,iblugitiry
499,jingle,intadetu
500,cling,qairry
501,purity,vucebaliry
502,inferior,sphara
503,gigantic,porechotu
504,crest,prumanodi
505,assert,tunency
506,flora,curvi
507,clergy,inral
508,mercury,franatec
509,repressive,riflix
510,chaotic,ummenaty
511,embargo,koul
512,sofa,nageteiblo
513,hoist,ucstutac
514,privy,hotch
515,chalice,bontar
516,heal,nombla
517,prophet,ataqaatta
518,bald,bullid
519,mirage,pravetaso
520,sworn,shonong
521,partisan,conil
522,avatar,uvolouteng
523,deceive,heex
524,inquire,rumnint
525,haste,crish
526,cough,idmonastir
527,alleviate,unvaobli
528,zoning,cuelar
529,fade,ascolotong
530,bungle,symmotry
531,rouse,devart
532,clap,pazzlu
533,fork,crowl
534,halve,gloa
535,decoration,bunonzo
536,conjure,uvetuan
537,carnage,inglang
538,shrapnel,stirvi
539,cork,blodo
540,blight,pradancu
541,trilogy,onfirour
542,quoting,heddli
543,detract,lettur
544,steroid,undomnoty
545,relieve,vogel
546,inspect,condli
547,tiring,rivesi
548,flint,schadeleng
549,lyric,opudamoc
550,console,oluvutuan
551,tractor,varb
552,trough,waugh
553,evasive,ibsarptuun
554,limp,harrufec
555,stubborn,petant
556,akin,tipeng
557,reviving,sympithuso
558,roster,drell
559,sparse,gronotu
560,expiry,fally
561,smog,azunu
562,cryptic,porcuptuvi
563,ratified,ittuntuvi
564,volley,sturvetaan
565,bonnet,enhily
566,warp,guilugocil
567,agonising,soxiphana
568,metric,pracadonci
569,majestic,munalugao
570,fright,aroti
571,stave,idvunt
572,escaping,uetenumy
573,temper,ducurotu
574,intuition,slor
575,quell,pravy
576,offend,shan
577,advertise,oxplecet
578,resent,puddlu
579,pencil,vursi
580,verb,stradu
581,psyche,menopiloto
582,lousy,zool
583,ogle,moltuply
584,emblem,cuvuit
585,horrified,plotenem
586,polar,foncung
587,intrusive,ispuront
588,disposable,encer
589,competence,menimunt
590,promenade,cilliga
591,poster,bricang
592,radiator,surana
593,happier,lageen
594,tolerant,igunuseng
595,compliant,logutemucy
596,comet,enamoly
597,flare,duad
598,orchard,rempoga
599,boulevard,rocroiti
600,pave,toetoun
601,glare,uxtonct
602,inferno,paller
603,probing,qiudrent
604,clamour,shaddor
605,weld,emanoty
606,implicit,costidail
607,salvage,bilstor
608,mayhem,intocepotu
609,itinerary,grudoutain
610,mystique,grututida
611,playful,sibjuctevi
612,legion,flomsy
613,flung,sotura
614,proton,swaer
615,triangular,mutirnil
616,recreate,anipt
617,premise,neenci
618,taping,reng
619,expedient,umon
620,stature,baoncung
621,defunct,strufu
622,alienating,piwn
623,racquet,rusedeel
624,injuring,rasant
625,strife,otteen
626,sticker,odhurunca
627,plank,hisetint
628,fanciful,pirul
629,archival,docaevu
630,satire,ruseduncy
631,dissident,cintrodact
632,saloon,funoti
633,advent,amoreld
634,puppet,candimn
635,believable,omonitung
636,tranquil,thurst
637,havoc,orsinel
638,climactic,andicang
639,fable,icrameny
640,imitation,pramel
641,malice,domp
642,arid,plambung
643,grumpy,gruul
644,doping,inteul
645,responsive,slavur
646,sanity,agla
647,analytical,chusal
648,irate,tepplo
649,sledging,ragomint
650,levied,uphimurel
651,bottling,cliuk
652,rattling,myroud
653,plaster,spria
654,reputable,pladgung
655,reel,groft
656,dental,plistor
657,tame,spult
658,crept,rogong
659,intricate,flaont
660,yawn,eneentod
661,canteen,kutu
662,gliding,bonol
663,jostling,trocang
664,fraught,vusi
665,barbaric,nomorecel
666,synthesis,suvar
667,pungent,scrupang
668,defied,cuscedo
669,nigh,ruffli
670,clarified,fruight
671,interrupt,duveteng
672,worship,doft
673,fervent,bleght
674,stumble,gritisqao
675,compliment,onqiereng
676,poking,netarouty
677,trinity,scripa
678,drip,dostreight
679,pill,onvidi
680,canvassing,cincudeng
681,dormant,jakeng
682,meter,snouk
683,prophecy,firtruss
684,socket,bilgeng
685,gallop,rivasoen
686,saviour,matti
687,viola,sebmeroni
688,expel,ontannu
689,primal,cammanci
690,expulsion,ruilm
691,secular,whock
692,quaint,cherasmu
693,bulging,tarpudu
694,mischief,pruxumoty
695,enact,enjirong
696,tangle,deosy
697,induce,osibla
698,shone,encussent
699,stamina,brottlo
700,cite,enfanata
701,subscribe,bresk
702,lament,conepy
703,idiom,anharut
704,attribute,oclupsa
705,twilight,prehabet
706,semester,stuid
707,rehearsing,pratatypa
708,chrome,rizer
709,revert,cagur
710,spear,lall
711,impossibly,onoct
712,esplanade,clup
713,drastic,smag
714,exterior,lirch
715,reactor,caligna
716,arouse,chir
717,delusion,itumuc
718,audible,dicodunt
719,raft,nivagituan
720,radiant,clounsung
721,abundant,suesmuc
722,renovate,skoti
723,convey,ucro
724,inference,liosy
725,invoke,masa
726,velocity,cretaqea
727,rattle,spacolutu
728,sombre,ugolu
729,abiding,ollagoonca
730,parole,varnecelor
731,lull,tock
732,primitive,rihiersang
733,feminine,erchoac
734,reflex,unanymaty
735,contour,muledec
736,resilient,hyguino
737,lateral,swullon
738,verse,reum
739,latitude,rian
740,module,skitchy
741,pervasive,ceshaan
742,chant,virafy
743,turbulent,fleg
744,strung,wrenglung
745,banter,rivelvo
746,disparate,gummock
747,casket,rovult
748,certified,umututi
749,barrow,durment
750,edgy,funcofal
751,peddle,soazong
752,hypnosis,ithoc
753,barrage,wuld
754,tabloid,sufu
755,venom,tullir
756,clutch,puckat
757,hazy,onsinety
758,evaluate,spetoul
759,trot,nogh
760,preserving,fissul
761,decay,kneck
762,whisper,iblaga
763,sanction,peredy
764,futility,trinqiel
765,legislate,pinush
766,culpable,gret
767,revise,acstesy
768,pillow,beumoring
769,punish,mescaluni
770,cunning,ribblo
771,macabre,yoll
772,paranoia,cleng
773,forlorn,jutty
774,paddle,lugoslitu
775,conspiring,graavang
776,conjecture,iwuki
777,gown,franzoud
778,intercept,firbod
779,embark,wunk
780,glee,onhencong
781,synthetic,fuablu
782,pitiful,motruc
783,incessant,drezzli
784,attic,malliw
785,potency,gluum
786,arcane,medalo
787,whiff,onstulmont
788,charisma,stang
789,crouch,rhythmoc
790,sludge,domantei
791,curb,grapi
792,composure,ghistly
793,precedence,cemo
794,loop,lucenoc
795,vacate,vuntogu
796,lethargic,sibetigu
797,rite,cego
798,numeracy,pirch
799,shrine,himecadi
800,impulse,fint
801,durable,poraty
802,floral,flomung
803,friction,hystoroe
804,nurture,flosh
805,craving,wurp
806,curfew,farmotova
807,penal,umeganung
808,funnel,gosp
809,reside,vugiar
810,swam,birberec
811,void,bembue
812,vanity,glammar
813,scant,deribaloty
814,candour,sucossuen
815,fuzzy,laturita
816,sneak,steri
817,glitter,bamp
818,covenant,uxart
819,lance,flent
820,tenancy,luvar
821,emerald,soliun
822,blurb,linuont
823,agile,erchova
824,imitating,cryptac
825,blazing,sanec
826,linen,onilegy
827,melt,parculien
828,converge,teul
829,modify,tumo
830,prevalent,dovuteen
831,qualifier,cishmoro
832,spiral,ollicotong
833,shuffling,rospensevi
834,amplified,dostruct
835,descent,tudil
836,tome,driid
837,clarinet,anutaetoan
838,aloof,antarvil
839,affinity,cerdogun
840,ghetto,clirgy
841,flirt,tarrofoud
842,orthodoxy,spon
843,arson,pleck
844,mural,pargi
845,coronation,spaal
846,stunt,peppit
847,dynamism,mamear
848,weep,flettor
849,rumble,wraight
850,deft,irchatypol
851,thrive,timpt
852,delegate,daveta
853,flier,fiad
854,boomerang,giont
855,allocating,priviol
856,polyester,uruosi
857,endorsing,uppiral
858,greet,rulunqoesh
859,parlour,racuprucel
860,lenient,ostrenimy
861,requiem,breem
862,vent,umplucut
863,homicide,pirsivuro
864,subpoena,cirk
865,resuming,tambleng
866,spied,dessedint
867,whilst,lemp
868,coma,sceit
869,drill,pley
870,inexorably,dussunt
871,vernacular,scibe
872,wiring,farlern
873,chapel,glorang
874,acronym,bluzong
875,edging,opprevung
876,merging,moduecru
877,matrix,shrenk
878,intrinsic,frectoun
879,ditch,pand
880,dizzy,ravirsong
881,swarm,dulogont
882,moist,pruspor
883,consulate,foosce
884,virtuosity,tuwird
885,bump,sheck
886,empathy,ghutti
887,exercising,pluntefil
888,excursion,steonch
889,aggregate,noglogant
890,ultimatum,lomeesuna
891,simplified,dadgirodiu
892,ploy,terbalont
893,ethic,corl
894,epitome,soturecil
895,facade,suletadu
896,candid,stomolont
897,negligible,typong
898,enviable,avelaoto
899,purge,anqaero
900,alloy,strepo
901,liberating,lemont
902,whim,inchur
903,miraculous,cemputanco
904,slash,omaobla
905,rousing,vanorubla
906,guild,rotafoid
907,evade,pirdun
908,shining,unteutuan
909,omen,urcida
910,duel,phesung
911,litter,cemploont
912,bastion,cebac
913,adequacy,umoganiry
914,abolish,veleint
915,knack,olliy
916,behest,suton
917,choked,pramocy
918,navigation,shum
919,ballistic,berrew
920,ancillary,bostuin
921,cannon,vilucuty
922,phobia,samplefeid
923,maze,qointom
924,impediment,cartafuod
925,likable,valvut
926,glimmer,tanecety
927,insanity,nuaght
928,shrunk,meluci
929,espionage,eodebli
930,verify,treongli
931,utmost,senoty
932,shuttle,roip
933,flurry,embagoaty
934,fluke,chelut
935,cameo,iccesituin
936,kite,inugme
937,mellow,nartori
938,flaming,whum
939,criterion,rhyma
940,subtlety,brodil
941,regal,treongalir
942,scorn,samman
943,fertile,muduucraty
944,revolve,blirb
945,frantic,shreb
946,wrangling,mund
947,inception,iscipang
948,truce,crum
949,litany,datch
950,seize,ungeash
951,salute,sympasaem
952,accumulate,munuc
953,whinge,drustuc
954,equitable,scont
955,dementia,licoto
956,enigma,datir
957,scrub,slipa
958,trite,sempleng
959,skate,bedmantan
960,indicative,istumotong
961,barge,dascerd
962,hyperbole,onspuct
963,graduating,retotoun
964,topple,urnuti
965,galore,benkir
966,flutter,cennan
967,mortar,aduam
968,residency,dasterb
969,frock,psychu
970,notified,burriw
971,incur,ribu
972,appease,lictareng
973,sigh,soranaty
974,confine,vilt
975,gosh,amogenoblu
976,ruby,vinoty
977,observing,waup
978,attain,mendono
979,blade,pruvilunt
980,debating,pravukong
981,thwart,cemmenoun
982,sabotage,ontaotavi
983,stove,tralliy
984,parachute,dintil
985,swipe,duzzy
986,baton,cinvuy
987,groom,meschouf
988,homage,chank
989,torch,pirsoidung
990,analogy,odhoru
991,petition,romodael
992,ashore,urrutuc
993,fortress,abstocla
994,defiance,egnurint
995,stagnant,haid
996,pillar,maind
997,encore,glea
998,solitary,berga
999,jetty,escirtoen
1000,linger,treci
1001,torrid,trolluen
1002,urbane,erathmutec
1003,dwell,scrob
1004,resumption,vulo
1005,gravel,strup
1006,plural,brubo
1007,capturing,cunvossong
1008,seam,firang
1009,labyrinth,oltuteda
1010,burial,hamono
1011,quantify,steva
1012,pike,seletiry
1013,prudence,zenong
1014,fluent,hamulaitu
1015,spree,prematovi
1016,stare,emututuan
1017,portray,focodu
1018,confer,bodgo
1019,pond,unducotevu
1020,manifest,ibesavu
1021,demeaning,petincy
1022,vanish,melurou
1023,coherent,shreg
1024,vine,flup
1025,juggernaut,virsutula
1026,emanating,graovaos
1027,traction,spaun
1028,exert,scraba
1029,brisk,staolth
1030,viral,stroy
1031,absorption,drewn
1032,inept,dafir
1033,sincere,laft
1034,drown,smeck
1035,daze,ripototaen
1036,persuasion,hezy
1037,sewer,odvartasa
1038,splash,diravi
1039,transform,talugrom
1040,frenzied,synthotuc
1041,anchor,cipaod
1042,hereditary,taosi
1043,semblance,sovvy
1044,balloon,cirfuw
1045,tussle,prasocetu
1046,typing,nastilgoc
1047,rotation,hypirbelo
1048,serene,pennecla
1049,mingling,bittleng
1050,lustre,roectar
1051,sauna,ammudeocy
1052,mantle,smeg
1053,triangle,qoatetoin
1054,karaoke,herp
1055,pier,chrumu
1056,contend,sturolo
1057,resemble,cheutac
1058,stalk,cenyin
1059,deception,dospisi
1060,entail,lengir
1061,bounty,lerud
1062,acoustic,omberge
1063,veil,cimpilsuvu
1064,hood,phesphotu
1065,interval,endilga
1066,visibility,illiceto
1067,scissors,shompae
1068,hasty,riggua
1069,ambivalent,skad
1070,monument,plotaea
1071,behold,sprunkli
1072,plump,segh
1073,allege,arbonu
1074,heavier,unsat
1075,archetypal,bandla
1076,sponge,duspil
1077,mutilation,bult
1078,busily,faothar
1079,proclaim,wurung
1080,privatise,dovursain
1081,serenity,velafaid
1082,compulsive,sper
1083,nautical,soum
1084,chunk,invey
1085,fragment,jiggli
1086,joking,maneceng
1087,competency,spaer
1088,storing,dofoud
1089,sequel,domiunang
1090,melody,giudang
1091,spoil,cemplucito
1092,expanse,ceencadeng
1093,donating,prisurvang
1094,dispel,pirtroy
1095,savvy,stob
1096,doll,blissem
1097,appraisal,precluem
1098,buckle,kednip
1099,ovation,pellew
1100,reprieve,olugincu
1101,hail,lothorguc
1102,anarchy,spruwl
1103,jubilant,prupreity
1104,rambling,cempesaro
1105,roam,clonch
1106,credence,masiuc
1107,tantamount,niidli
1108,geology,lenan
1109,dynamite,siik
1110,relinquish,colpublo
1111,rebuke,skurmesh
1112,attrition,anfarne
1113,utilise,upetumo
1114,scheduling,dubiclo
1115,skip,dilita
1116,gasp,selveng
1117,tuning,vinush
1118,supremacy,ruor
1119,solving,imporung
1120,equate,meddlu
1121,forbid,camplumunt
1122,hiccup,ipalupsy
1123,allergic,fliro
1124,anticipate,jibulont
1125,excerpt,muast
1126,decorate,margong
1127,meagre,pliegh
1128,humane,ragol
1129,ecstasy,broci
1130,rosy,omunancu
1131,ecology,upithy
1132,carve,cript
1133,flap,pell
1134,dictate,direbli
1135,broom,rimblang
1136,gripe,lutirel
1137,deserving,estralugy
1138,sonic,peir
1139,prototype,riesi
1140,scream,qoall
1141,fortified,cenvuy
1142,reliant,feblo
1143,dice,tiluscapu
1144,lavatory,cenduor
1145,commence,frught
1146,hysteria,rulecitong
1147,conceding,ploed
1148,heliport,phabau
1149,bury,jabeloa
1150,innuendo,forn
1151,bluff,enilegau
1152,utilising,turang
1153,frustrate,pyrumed
1154,paradigm,dulugoto
1155,spoon,leiusin
1156,mania,cansolitu
1157,shaving,tuntumuant
1158,furnace,brant
1159,tenacity,hekong
1160,fragrance,throva
1161,strive,smaur
1162,scramble,eltamotem
1163,cram,emprampte
1164,suspense,empudumant
1165,abrasive,cismatuc
1166,lottery,uvirt
1167,phasing,viad
1168,analogue,cortan
1169,cauldron,vyang
1170,incisive,enerchy
1171,stripe,ivicautoun
1172,replica,ciromaneil
1173,peripheral,poncal
1174,extinct,scratunesi
1175,stray,rubeku
1176,circling,chilk
1177,refute,threttlo
1178,stampede,berly
1179,cashmere,biican
1180,paving,wigung
1181,edit,yuurn
1182,mend,docruo
1183,huddle,rombli
1184,telegram,zuum
1185,geometric,dafinct
1186,rampage,whelst
1187,covert,haup
1188,magnet,ziilias
1189,paradox,strevang
1190,claw,cinjeri
1191,manoeuvre,rodacalo
1192,memoir,sworl
1193,discard,tistufaud
1194,intrigue,scom
1195,yearn,cerb
1196,shampoo,pundilim
1197,myriad,ilturnotu
1198,collateral,daruvutava
1199,revamp,tructer
1200,inward,munar
1201,speculate,okun
1202,eleven,ciffun
1203,tray,cirsa
1204,anguish,faul
1205,ambient,nylin
1206,adept,janglu
1207,acclaim,rubut
1208,kidnap,bannat
1209,stony,doci
1210,illuminate,ubadi
1211,curl,rofitu
1212,inhibit,ibadeng
1213,shrug,invusego
1214,smack,dasselva
1215,purse,chopal
1216,javelin,betonecil
1217,armour,rucqiit
1218,utopia,clep
1219,slender,jaup
1220,ridicule,brewso
1221,approving,hangi
1222,futuristic,rast
1223,inquiring,tarch
1224,shun,idvursaty
1225,rejoice,froviluos
1226,divisive,murry
1227,custodial,qauntafy
1228,garrison,campist
1229,cologne,griim
1230,sympathise,sceorga
1231,posture,baency
1232,regiment,muyhom
1233,cage,stebbarn
1234,muddle,ossirang
1235,auxiliary,cinspurung
1236,gimmick,seovaner
1237,immediacy,nameduc
1238,archaic,motuny
1239,stereotype,enurtao
1240,tapestry,snuro
1241,elevation,vegelunt
1242,toil,cimplocint
1243,inflict,strovi
1244,razor,verul
1245,dreary,bredgong
1246,angling,selatu
1247,estimating,bienty
1248,barren,metulutoan
1249,chuck,hutang
1250,testify,offulaito
1251,remedial,canvant
1252,vault,ebelash
1253,damp,metevitu
1254,hosing,pastereng
1255,resurrect,putufil
1256,volt,idgy
1257,imaginable,prutecal
1258,debacle,ronavito
1259,porcelain,rosarginco
1260,barter,epplocibli
1261,tile,imphotuc
1262,aurora,ructefy
1263,provoking,stockir
1264,evocative,calistoil
1265,ascertain,eost
1266,guiding,dusgost
1267,imply,binivilant
1268,lash,bolleun
1269,distraught,bohuld
1270,celestial,choet
1271,pardon,burrin
1272,maroon,otolasong
1273,sublime,cendod
1274,rope,eduer
1275,slate,pestoru
1276,mutiny,lenco
1277,ratify,robblo
1278,capsule,sliova
1279,shaky,tharmel
1280,timid,sict
1281,reverence,samblencu
1282,grind,hirrafoad
1283,bouncing,parcuevi
1284,distract,tulorint
1285,zoom,shettlo
1286,divulge,sterong
1287,starving,rosodeu
1288,navigate,morcary
1289,millennium,gunirec
1290,rift,motrex
1291,exorbitant,seur
1292,velvet,biry
1293,sketchy,ollurgoc
1294,compiling,reddlo
1295,cosmetic,onelytocol
1296,poke,cenqour
1297,linear,ruvimp
1298,sober,shony
1299,ideology,rondizvaes
1300,aura,slupang
1301,amuse,seveeer
1302,sleight,deplocota
1303,croft,menao
1304,delete,roto
1305,brace,drep
1306,vigil,ceta
1307,phosphate,chlerano
1308,remnant,rosambla
1309,eradicate,rugier
1310,grate,trom
1311,riot,panul
1312,notoriety,bohost
1313,renew,nutafaod
1314,rake,anuxuribly
1315,seductive,humugo
1316,slur,shebby
1317,nomadic,veechor
1318,yell,hiol
1319,luminous,bullustec
1320,scent,prevuka
1321,shaft,plosh
1322,eminence,ixpilsaen
1323,depart,doprevu
1324,strode,meustiri
1325,torpedo,eccomeleti
1326,chimney,twulaght
1327,altitude,dabot
1328,diligent,freck
1329,imaging,wivan
1330,lamp,cuhorant
1331,salon,mesiry
1332,crawl,uxcuto
1333,parity,cyclano
1334,concise,grent
1335,utter,shuet
1336,loathe,sebscrobo
1337,expedition,ixpenant
1338,sloping,foltor
1339,slept,cinong
1340,tease,gormont
1341,swear,mulidy
1342,allay,ripi
1343,shovel,pantogen
1344,scourge,proy
1345,tumbling,uffonoty
1346,monologue,scromblu
1347,rinse,privelonca
1348,karate,valluy
1349,stealth,fregrint
1350,roar,issart
1351,shrink,riby
1352,devoid,hasong
1353,rapport,ducuy
1354,opaque,scarn
1355,cumulative,twanklu
1356,flimsy,mujisty
1357,bribe,ancusova
1358,immaculate,aspainugi
1359,canal,ployfil
1360,excite,ellirgy
1361,reggae,guumatruc
1362,placate,roduutur
1363,oblique,duscriit
1364,cohesive,tetteu
1365,bubbling,rittlu
1366,hypocrisy,shuvi
1367,demolish,antirprat
1368,submarine,manoci
1369,invasive,errew
1370,jargon,furcacel
1371,hiking,pekong
1372,apron,grudoitong
1373,indemnity,entorrept
1374,prohibit,cahusoin
1375,vocabulary,flou
1376,shrub,stotoro
1377,clarify,ixpidatoen
1378,bravado,jestlung
1379,penchant,chird
1380,apathy,damenateva
1381,manipulate,flumbeyunt
1382,wept,siccenct
1383,diagnostic,dasdian
1384,anonymity,sheft
1385,porch,flaoncy
1386,thermal,gledeng
1387,plausible,motorang
1388,robot,ersen
1389,dispose,stant
1390,tyranny,guliru
1391,unholy,stafleng
1392,scrape,rofanang
1393,fiddle,rasulainci
1394,trench,natch
1395,astronomy,crudinco
1396,nostalgic,bertar
1397,pharmacy,cresido
1398,nought,anatu
1399,obey,pridant
1400,skid,odgong
1401,reap,enhabot
1402,punitive,skam
1403,wreck,proaseng
1404,summon,dynomusm
1405,vigilant,doly
1406,allergy,checkli
1407,versatile,umberk
1408,fancied,palir
1409,sampling,shrupnol
1410,crusade,ullisuin
1411,cessation,uararo
1412,geological,ferfuat
1413,ivory,swern
1414,beacon,grund
1415,smug,hoel
1416,souvenir,fuda
1417,sedate,shuna
1418,methane,endaci
1419,formative,simustor
1420,strident,plecud
1421,spelt,tocut
1422,initiation,slodgung
1423,rabble,vist
1424,motto,liuthi
1425,exuberance,unwurd
1426,wrath,progmotusm
1427,bouquet,iexeloiry
1428,scuba,truuthlun
1429,execute,criveng
1430,buffer,cempluid
1431,inducing,vereunt
1432,sprinkle,muntla
1433,chalk,mollunneam
1434,fathom,tyrenny
1435,default,cinsamo
1436,prodigy,ormuir
1437,derivative,plamp
1438,allocate,lesh
1439,artillery,ubsarveng
1440,affidavit,ixpuri
1441,rung,discind
1442,vest,dosrapt
1443,sanguine,curnego
1444,telescope,sabsadasa
1445,rampant,slib
1446,epidemic,soozo
1447,conserve,puddla
1448,splendour,taor
1449,ramp,danam
1450,ephemeral,lavuod
1451,burly,pesh
1452,vantage,onciro
1453,lurch,umaliti
1454,hesitant,ompissobly
1455,adherence,mest
1456,skim,cenui
1457,forging,iffond
1458,ceremonial,tiblong
1459,menace,thendar
1460,repetitive,gagentec
1461,squeezing,hypacrasy
1462,psychiatry,ripremond
1463,convent,epil
1464,moisture,fosuan
1465,retrieve,botemun
1466,paragraph,tondim
1467,farcical,cempruhind
1468,attach,menefast
1469,envoy,pnaomenuu
1470,twinkle,andilgang
1471,literal,sudectevu
1472,simulation,timpor
1473,retrospect,dynesty
1474,riddle,cruosu
1475,derision,sobpuine
1476,motivate,belleord
1477,abide,cemut
1478,allegiance,ampuccublu
1479,stimulant,udjictovu
1480,botanical,foduloty
1481,epilepsy,meck
1482,deter,dufacoant
1483,harp,bitun
1484,blossom,epoam
1485,agility,thrano
1486,plough,storvung
1487,strut,icilugy
1488,spectre,ubjact
1489,legitimacy,rogustry
1490,filter,tuwol
1491,cyclone,fliril
1492,glide,docopteun
1493,efficacy,sabtlaty
1494,foam,domulush
1495,feud,hossla
1496,stifle,sleng
1497,negligent,peusa
1498,dispense,rabolloun
1499,weigh,risputa
1500,scan,trimbino
1501,intimidate,orcona
1502,denim,dift
1503,gallant,melch
1504,scout,firtolo
1505,thrash,ucrenym
1506,pyramid,duvasevu
1507,supervise,firk
1508,statute,mejustuc
1509,horribly,ansugnuu
1510,striving,ovilvang
1511,indulge,patutuin
1512,succinct,corga
1513,pageant,rimpent
1514,reservoir,umplofaid
1515,evasion,writh
1516,elevator,fufty
1517,exposition,crist
1518,seismic,lutaril
1519,terminate,praphicy
1520,tenth,stulk
1521,cardigan,haivuir
1522,expire,flert
1523,towel,swoll
1524,obedience,guggli
1525,pedestal,elligi
1526,censor,scint
1527,dusk,rettleng
1528,dissolve,ixpinso
1529,giggle,wrostlu
1530,thunder,omblum
1531,fiasco,saspand
1532,collapsing,duflact
1533,limousine,trectuin
1534,swollen,vanguuncu
1535,faring,purudogm
1536,merry,tolu
1537,errant,urrunt
1538,devotion,purineuo
1539,trillion,daul
1540,debit,olovutur
1541,propose,oxcurpt
1542,symposium,cahusevu
1543,exacerbate,basuly
1544,copied,bunnestur
1545,candle,tistefy
1546,nimble,flep
1547,hectic,clestar
1548,mist,whuspur
1549,throne,eccosa
1550,pluck,vant
1551,obscene,andirsung
1552,cutlery,ittretuen
1553,martial,irchord
1554,opium,edlo
1555,alternate,umputhy
1556,gloom,pilpiblo
1557,usable,porosh
1558,subtly,purch
1559,humiliate,tretu
1560,multiply,cempilsean
1561,whack,ivuter
1562,malaise,ombor
1563,heed,stugnunt
1564,regulating,axtaraar
1565,reversing,cunsurvung
1566,starvation,plenk
1567,critique,hilepurt
1568,depict,slondur
1569,doubly,scerci
1570,lever,beiqeot
1571,arrow,sporsa
1572,melancholy,vuul
1573,negotiable,leip
1574,cleansing,avulvu
1575,oblige,dagnofuod
1576,pneumonia,ettrubatu
1577,leash,throsh
1578,explicit,griti
1579,ambiguity,rensu
1580,renovating,spreng
1581,relocating,iffocecy
1582,vile,vealt
1583,dome,siditi
1584,swore,chamnoy
1585,donate,usharu
1586,thirst,nucetana
1587,bulb,cempasung
1588,diagnose,remp
1589,liaison,agnuto
1590,grapple,protancu
1591,secession,oxpil
1592,fuse,perelu
1593,algae,tronsfarm
1594,vase,muthina
1595,decadent,wuevu
1596,intuitive,pirtenint
1597,charitable,knet
1598,irritation,swepa
1599,grading,ontamadito
1600,adoring,avecitavo
1601,insert,unnita
1602,distort,tuvurn
1603,picket,stany
1604,render,stivu
1605,lace,spoud
1606,nylon,obindunt
1607,perceptive,grezang
1608,sane,disurveng
1609,violet,jawol
1610,exponent,somelutean
1611,swirl,tirbolunci
1612,evoke,cintain
1613,toward,ripotatavi
1614,cradle,tarmenutu
1615,alphabet,iript
1616,demeanour,baum
1617,stab,atmust
1618,tempt,plocabi
1619,feeble,levengly
1620,imagining,imanuis
1621,voucher,purinuud
1622,divine,florry
1623,glue,splindear
1624,decency,noin
1625,finite,ixpidoant
1626,accusation,gliro
1627,aide,clemear
1628,sphere,iesuast
1629,strand,morecilios
1630,resonant,prafecaont
1631,tier,roft
1632,skirmish,elliy
1633,transmit,uppuusa
1634,dodge,scun
1635,shabby,solvegu
1636,nuance,luma
1637,swell,firtofaud
1638,spur,maegri
1639,municipal,paruphoril
1640,evolve,ovida
1641,placid,possemosm
1642,zealous,swom
1643,triathlon,unfaranco
1644,kettle,sarmun
1645,literate,hilostoc
1646,propriety,frugelaty
1647,prescribe,roal
1648,cyclical,buhuveng
1649,dispatch,futhim
1650,hoax,dedgong
1651,rectify,faasty
1652,sporadic,manocopil
1653,indulging,stredant
1654,resilience,dospitch
1655,bundle,dori
1656,banjo,oxpury
1657,percussion,qoetung
1658,manor,deugnastec
1659,ordeal,ampolsa
1660,chronicle,puku
1661,shout,dedgi
1662,caveat,elter
1663,canopy,culceliti
1664,faint,idiqeucy
1665,diversion,beulagy
1666,abrupt,lica
1667,conclusive,scercoty
1668,cull,uptemem
1669,elegance,adet
1670,grieve,cattir
1671,rotary,huza
1672,staunch,dictrani
1673,funk,celussul
1674,detriment,haruzantel
1675,statue,laosh
1676,ferocity,pilyistur
1677,hinder,madufy
1678,altar,sarriw
1679,ignite,finnuast
1680,hitch,onfluct
1681,sanctity,jagglung
1682,hasten,porgili
1683,suffice,centuir
1684,quintet,ixcorsean
1685,erode,hippuar
1686,crush,fonnil
1687,majesty,stibaleso
1688,notify,tranaty
1689,deficiency,yiwn
1690,poker,hisotita
1691,unite,urbatrery
1692,scribe,spingu
1693,blatant,eliif
1694,quadrant,cuvinint
1695,jubilee,labarotong
1696,frenetic,unciptaan
1697,specify,pakor
1698,bash,emaciblu
1699,budge,vertoasuty
1700,receipt,empiccobly
1701,cigar,durt
1702,prevail,bruvida
1703,deodorant,curcleng
1704,allusion,raleavu
1705,knit,ictavesm
1706,consist,ditramont
1707,instalment,purtusen
1708,folly,whastleng
1709,turbulence,lastro
1710,militant,blonk
1711,revel,sunu
1712,hurricane,carenetain
1713,reciprocal,pruscreba
1714,conform,uxocoti
1715,brook,triy
1716,sprang,ixplidang
1717,apocalypse,pont
1718,sketch,trondy
1719,erratic,moduito
1720,latent,firgang
1721,pausing,ettar
1722,disguise,effudovut
1723,hinge,etenarory
1724,applicable,jevilan
1725,excise,egeny
1726,locate,dipeng
1727,granite,keruiki
1728,char,cinfarm
1729,strap,pribitain
1730,duet,nutufy
1731,apparel,prasamu
1732,seizing,shoffli
1733,confuse,allecet
1734,refining,ravaveng
1735,stabilise,trinch
1736,bolt,crift
1737,ballad,lamunaas
1738,cargo,umbuunt
1739,aural,chall
1740,lucid,rasinont
1741,wink,griotang
1742,hush,ilphubot
1743,archive,cinsala
1744,aberration,cuigh
1745,graduation,ixirbutunt
1746,gaunt,roserrict
1747,morphine,iaruo
1748,disgust,callepseng
1749,soak,sesponsu
1750,cohesion,devano
1751,overt,shrawd
1752,arsenal,gludo
1753,registry,warshup
1754,wrought,rosorveor
1755,sleek,uvury
1756,sprawl,jiggurneet
1757,blink,beckli
1758,accolade,shoky
1759,patent,stotoi
1760,closet,oadi
1761,plateau,braudth
1762,duly,iriduceti
1763,scrutinise,isatarec
1764,funniest,firvant
1765,guise,skup
1766,entice,ansurt
1767,ripple,shuva
1768,shady,hypneses
1769,dilute,saporveso
1770,debatable,pangant
1771,proficient,calluturol
1772,ensuing,harracinu
1773,influx,usileti
1774,bracing,ponchint
1775,hedging,unclova
1776,testified,mutar
1777,deprive,difauncu
1778,mound,prudegy
1779,quarantine,whengi
1780,anecdote,cill
1781,tuition,clesut
1782,compost,dosraptevu
1783,dignified,mulatont
1784,posh,difoent
1785,infinite,uccilidi
1786,mundane,biluivebli
1787,affiliate,rundir
1788,rectified,fuunt
1789,figurative,morega
1790,presume,stemonu
1791,valiant,antogrutu
1792,grotesque,ulgiu
1793,palpable,lucinso
1794,disruptive,frontoc
1795,escalate,plerul
1796,solitude,faom
1797,astrology,dubutong
1798,relic,rictefoid
1799,innate,cinsaqaont
1800,glacier,bild
1801,subjective,faltritoan
1802,prosecute,hendor
1803,odour,sembri
1804,ignorant,persi
1805,plead,crungo
1806,shuffle,discont
1807,clumsy,meil
1808,preclude,copsalo
1809,dunk,raplecu
1810,jewel,umatutang
1811,fragrant,frey
