Words,Nonwords
dynasty,dysotty
amenable,afabible
pancake,parlake
glimmer,thammer
concealing,consieding
mayonnaise,pafoncaise
integrate,inteblent
ultimatum,obtinatua
anaemia,amoesaa
smelt,skelt
casket,camhet
envious,exciees
unite,unare
hurricane,firmicane
coercion,caerfoon
plank,plang
angrily,etslily
frenetic,blenonic
ligament,tecament
gloom,gloam
extraneous,enscunuous
reimburse,reignurst
contagious,commagrous
bribing,brafing
evasion,ecoseen
convict,convame
parity,maniny
pebble,robble
giraffe,gisathe
melancholy,milarclily
constrain,constrorn
compulsive,commurnive
hamstrung,halstrang
fragment,spadment
negligible,baddigible
conjecture,conructune
amputation,irratation
commotion,cotretion
stalk,starl
canon,catod
velocity,hevidity
abject,ayhect
advocating,ilhecating
orchard,orclack
advisable,ilmesable
physique,physange
measuring,rouduring
fuming,loming
therapies,cloravies
lavish,fivish
plush,plung
saxophone,sebocrone
balancing,berapsing
orthodoxy,ompredogy
shrunk,sprunk
scaling,drasing
inertia,enerfee
attribute,atstahute
repeal,rebiel
slung,slute
stagger,trugger
respite,rexpise
sociology,sagiaromy
silliness,sittinest
spurious,pluciios
faring,taning
heliport,lelipall
disdain,disnail
espousing,etceasing
revolt,revank
garrison,varridin
denouncing,dedearting
wallet,gallit
sprinkle,splankle
utmost,uthast
believable,veceedable
chalice,chasirt
complicate,colshirate
despondent,dewrissent
dormant,purmant
coyote,cowona
extinguish,extinseard
conserving,connitzing
frail,fraze
salamander,momamanrer
allay,alloc
geography,weotnaquy
astronomy,adthenogy
defunct,defiche
motivate,satibate
evolve,evinct
arteries,etderies
proclaim,probramp
symmetry,syncesty
chortle,churple
voracious,gocatrous
pausing,mageing
gleam,tweam
recipient,remetiest
rampage,rampide
replies,deshies
squiggle,chloggle
tidal,liral
affable,aycacle
literal,hoseral
dread,pread
euphemism,eegremine
majestic,pahistic
furnace,furdall
chronicle,chlonitra
excursion,esdarsion
ascertain,ascerlern
clamour,spimour
compliment,comsticant
primacy,studacy
impeccable,immarrable
parrot,marrat
moisture,mosefure
shack,brack
surrogate,suttofate
rotation,sacation
leopard,lervack
isolate,icolent
asparagus,accaramos
tangible,foncible
twinkle,wringre
fridge,frince
lecturing,leggaring
exposition,enmudition
stature,chadure
carpenter,cansender
chaotic,pliotip
retaliate,remiriade
enthusiast,erplasiant
inducing,intoxing
grotesque,cronesque
pedal,piral
ceramic,cecucic
vocabulary,tolecolary
mystique,systinct
forbid,fowbod
dilute,dirund
pledging,plolding
demolish,demedind
cucumber,cucopser
qualifier,wrorigier
replicate,reltirate
welcoming,vubcoming
revising,rereling
mutton,sotton
fanciful,funcisol
spied,spoud
oregano,opasani
mitigating,pedisating
levied,ludied
tiring,toving
analytical,anejuciral
brilliance,brilleight
jargon,janjon
spiral,plilal
parole,marale
identities,imarsities
melodic,secedic
fright,snight
placebo,blamego
charitable,wromicable
seizing,siecing
berserk,berbert
habitat,howitot
receptive,recoitism
slurp,slulp
dissection,densoction
pharmacy,plismacy
excerpt,excueur
hassle,hamphe
hospitable,vambitable
inexorably,inusupibly
shrub,shruy
thriving,squaving
clinch,brinch
esplanade,emstanase
envoy,envam
roulette,roolerve
inhaling,inkesing
bundle,burple
strenuous,squaruous
inept,uneft
barter,banler
pessimism,pemmimine
deviating,sefiening
scorn,scoft
strand,strale
gauntlet,waistlet
strung,strunk
destitute,dellitunt
scatter,smitter
neuroses,neamofes
typing,lyming
eclectic,epmactic
meadow,roodow
dedication,madinition
raving,poving
regulate,retulent
surpass,sursiss
bottling,boppring
shady,grasy
intrigue,introrth
wombat,wompit
autonomy,advenogy
flamingo,flacorgo
crumbling,grimbling
conclude,congrode
duplex,ruflex
wreck,skeck
obstinate,otspitate
sheriff,cheripe
magnet,pabnet
collapsing,cottafting
refute,refind
seismic,maesmic
slicing,drucing
fragrant,spachant
furnish,tursish
phasing,smaping
paralysing,momalusing
custodial,cynsedial
indicative,insitatois
pigeon,pibept
maxim,mazip
analogies,aminopies
starvation,stishation
dailies,dakries
propel,stodel
cosmetic,cotmonic
interpret,interblym
donation,rasation
baton,calon
gimmick,gumbick
descent,descack
larynx,lanyon
cornucopia,colgurudia
aerial,oapiac
syringe,myrille
exchanging,excrersing
glucose,skucore
scrub,scrab
exploding,excryling
depleting,degroning
galaxies,valegies
lethargic,heprarpic
plunging,druthing
nutritious,vuquiphous
absorption,auturption
vilified,namified
clamp,bramp
provoking,protuging
enigma,epopma
infusion,encucion
hedging,himping
troubling,treesling
retrospect,retrodrice
attrition,etshision
poker,pewer
zucchini,zidquini
geometry,beatequy
divinity,mimecity
driest,droene
turtle,lertle
scout,scoud
quell,frell
manifest,sunisest
ornate,urnard
extremist,exclucist
mischief,miscleaf
battalion,burtasion
migrate,miscack
anagram,anathey
spider,plimer
subscribe,substrift
rustling,ruggling
canoe,capou
grumbling,spumpling
acrid,aymid
construct,constroke
thermal,smurmal
grazing,flaxing
conceive,congeave
excitable,ennamable
shone,chone
quandary,plundafy
reticence,retigoise
collage,coppage
nucleus,vuwreos
enviable,odmiaphe
ministries,sininchies
agnostic,addustic
slaughter,swanchter
calcium,catciox
bacteria,hortenia
stripe,strepe
reflex,reshax
cling,clite
needle,geadle
responsive,rewralsive
reservoir,reserhawk
swivel,quirel
eminence,ivinertz
oblivion,olvedion
militant,selinant
sanitation,morilation
adequacy,iteprany
peculiar,secutoor
porcelain,salcelain
algae,alnoo
veterinary,tyseritany
leash,lealt
lurch,lurge
impossibly,ascissibly
crouch,creach
affidavit,axpidapat
collide,collyll
scenic,plemic
macabre,pacafla
destruct,destrame
stung,stute
secrecy,pewrery
suffice,saffike
geology,beanony
impetus,immenis
wiping,waming
hydrogen,lystoden
starch,stathe
stoic,choix
presume,precuce
propulsion,prononsion
obliterate,ospemerate
owing,uning
stroll,strell
exercising,emerkabing
elusive,ecurism
beard,beath
errant,essant
repetition,redaration
custard,custick
enhancing,enrucking
vicinity,bimolity
dinghies,sanghies
deserving,deponsing
nitrogen,niquodan
embargo,emmorho
surgical,papgical
appellate,atfillate
disposable,denmisable
quotation,whamation
shelving,shudeing
explicable,authimable
apostrophe,amamplophe
culinary,damigary
emissary,edirbory
elegance,emebence
pretence,chetette
appease,appount
juror,jusar
elastic,ecintic
allocate,attosate
illuminate,irramicate
medieval,memieher
gazelle,gazauss
dividing,ditosing
polyester,molyeptal
horrendous,terrentous
despicable,dimmirable
mercury,ralcury
parlour,panfour
erode,esove
abate,acant
fencing,fursing
enticing,endexing
evade,ebude
celery,mitery
pollutant,sellutont
finite,finase
stray,stral
supremacy,subratany
cherish,shurish
registry,repinchy
regiment,rebicant
libraries,fidrories
cabbage,babband
brunt,brund
occupant,uscuhant
vitamin,vitafod
apricot,awrirut
lobster,lotpler
constitute,consminite
evoke,evame
polar,motar
rectified,retlisied
terrain,lerraid
sprang,sprave
strive,strire
prominence,prerinered
authentic,abdrantic
ironies,icotous
augment,arfdent
auspicious,agecitrous
relinquish,relintrect
impetuous,illaxuous
punitive,mumitism
stumble,shemble
discrete,disprote
monologue,senoloire
turbulence,fubdulence
frequency,grefrenny
acrimony,addinocy
fathom,lothom
fascist,fadgist
equivocal,etletolal
retentive,revensict
stove,stosh
auxiliary,ingiliogy
citrus,cimnus
cataract,casaryll
patio,sirio
gigantic,nidontic
alternate,alterdent
terracotta,benvacutta
slope,slole
venerable,baderaque
rousing,rooling
polemic,salecic
pallet,pattet
exert,emeon
scarcity,clarniny
evoking,etuping
vehemence,newemered
prescient,plewriest
intercept,interdilk
comet,colel
bumbling,buddhing
energies,erervous
tuxedo,febedo
oyster,umbter
banter,dinter
hinder,hether
truism,chuipe
fifty,lixty
frugal,plufal
skirmish,wrirgish
tabling,lapring
notch,nitch
cheetah,sheatah
attic,allic
academies,amimegies
pendulum,pentunom
wiring,waping
atrocities,atlegitous
resumption,rebovetion
plentiful,clantisul
ridicule,ruticele
glacier,glasoor
scoundrel,sloundral
vibration,nublation
austerity,ithneraty
salient,motient
futility,bilinity
thyroid,skyropt
copied,codead
sensibly,rannibly
cumulative,curacatize
commute,combush
finesse,linesce
allergy,ancerfy
ephemeral,etletonal
detriment,dibdiment
blazer,blucer
enrol,enbot
insert,ingell
poultry,pounfly
scurrilous,scessilous
sizing,puzing
shaky,briky
termite,turmint
secular,sigulir
continuity,dimmijuity
antagonist,antaxocent
nepotism,nutotive
calories,catodous
maturing,pararing
numerical,bicerimal
applaud,applexe
pestilence,surtilence
coherence,cacerertz
patriarch,maquianct
anonymity,arejusity
pulmonary,sobnonary
bluff,blult
parmesan,marmefen
cosmology,colcalomy
semblance,semplince
dispel,dislal
sparse,spange
fallible,lalligra
malaise,maloste
comrade,comwale
rehearsing,rejourning
lithium,fathiup
fanatic,faminic
ecologist,elilorism
mediate,seviant
majorities,poharities
tabloid,lablope
sensation,rannation
canyon,carynx
multitude,pultinide
fusion,tusein
sludge,slunch
primate,chimack
capability,dolenility
jubilation,wimitation
ripple,rurple
turret,lorret
premise,chewise
satchel,ranchel
reliably,bemiiphy
captivity,caupexity
penance,munance
brutish,shetish
divulge,divyard
facilitate,barilitess
coward,corash
vacation,goration
invincible,infarfible
comprehend,comprekack
pathetic,pastanic
haphazard,hadfozard
parodied,penofied
diagonal,diadocer
glove,smove
navigation,bodidation
tendon,lendin
luddite,leddind
derivative,depocatism
emptiness,echlinest
archetypal,anscelymal
procuring,stacaring
irate,ilant
libel,fisel
denoting,demuning
armour,ancour
stupendous,chusennous
horizontal,horiwesnal
preserving,preponsing
spleen,spleed
jingle,janbre
ruthless,rirnless
lance,ladge
indignant,intosnant
pacify,magisy
pristine,pristand
cordial,corseal
initiation,onuciaties
barge,barch
ferocious,lemothous
epidemic,edigagic
boutique,beetiche
indulging,intonsing
innate,indand
provenance,predetance
educating,asadating
ominous,uritous
simmer,pummer
tracing,chabing
fugue,furve
circulate,cuefulate
moderation,biberition
deter,mener
maternal,poterral
plateau,platoof
utopia,umakaa
grease,greese
differ,saffer
sturdy,sterpy
browsing,sholfing
octopus,uscopus
envisage,ennesall
jolly,velly
oblivious,olvedious
revive,revake
injuring,encaring
curtail,curtiff
embassies,emposties
carnage,barsage
manipulate,mamexucate
babble,bulble
frivolous,grumolous
blatant,blatine
grievance,groarance
propensity,promarrity
behest,dejest
realm,reaut
vexatious,vacacrous
displacing,discrowing
transmit,tratenit
tenth,telsh
pickling,dackling
spear,flear
delegate,devegent
dwell,czell
flurry,sporry
instruct,instrave
homicide,falicide
minuscule,minusnock
pompous,pomboes
infinity,onmifaty
stealth,steanse
wrath,smath
amicable,idirible
solemn,soseon
interlude,interrore
tangle,landle
precinct,previche
antidote,antisunt
cartilage,canlilare
pragmatist,prubtatist
fossil,fossut
garment,warchlet
extinct,eltique
grappling,grastling
etiquette,eticrogue
insignia,incaisia
autistic,aylictic
feminine,felilone
fable,tadle
diagnosis,diaffodas
opulence,otunance
dreary,drooty
evocative,elumatize
contradict,contrafold
emphatic,esspitic
tremor,trupor
dissipate,dissivent
anxieties,ashiotian
ovation,ucatean
oncologist,onsecomist
imposition,iltudition
forlorn,forlale
remorse,revoyed
tapestry,tucesphy
hereditary,tesibinary
lyric,tynic
eczema,etneda
mayhem,magjem
scuba,sluca
smuggle,twoggle
inhibit,inkeqit
vanish,janide
convey,conpay
ignorant,igrorite
phoning,krening
rapport,rappall
equip,etrop
staunch,staught
arcade,arpide
bubbling,bembling
reclining,regrating
recede,renade
thyme,whyme
eloquence,emognance
debris,deplus
relocating,demadating
subtlety,sulsceny
pancreas,sunfreas
inception,innirtion
balconies,bercolies
violet,viotom
cough,hough
snide,snile
confuse,conbose
luxurious,botunious
bracing,briging
conundrum,conumpham
cavalry,cadelty
stain,stape
kerosene,keromosm
durability,dylurality
badminton,badcatton
proton,proran
transcript,transtrift
sombre,soppre
default,defogue
plaster,sposter
rendition,mancition
brittle,bluttle
remnant,remnine
ubiquitous,usokuptous
disturb,distoft
utter,uller
lacklustre,lansvastre
resembling,resictring
cutlery,ceydery
kettle,kostle
hasty,fosty
panther,parsher
opaque,osoque
epithet,ecinhat
erratic,ertunic
trench,trence
fizzle,fidshe
gorilla,varalla
sublime,suslile
tantamount,fantamiate
spike,spile
stave,stast
matrix,mabrik
trombonist,stimbanist
agile,ayill
prevalence,pretatance
mosquito,sidquito
stimulant,trimulite
caffeine,caffeant
fledgling,floftling
pungent,pungine
archery,etshery
vegetarian,tyletolian
microphone,miquotrane
thwart,thwame
excluding,exploling
eerily,eicify
analogy,aminofy
deficient,debiciate
conjure,conjack
feasible,leedible
callous,balloas
hypocrite,lycophite
broccoli,gructoli
vocation,nadation
advancing,adwording
exuberance,emokeraine
goblet,guslet
haste,haith
carton,barbon
congregate,constegent
speculate,fligulate
adhere,aphese
platinum,clatilup
horrified,ferridied
collateral,costoceral
eclipsing,epraiting
grading,spaling
nimble,gemble
submarine,papmarine
adoring,ecocing
ludicrous,fusiphous
ribbon,rirlon
slack,spack
dwindling,rhinsting
antelope,antenill
altar,adlar
quarries,quandies
javelin,junglin
resonant,retotont
casserole,cammeryle
succulent,maxculent
obscenity,uschonity
cultivate,cuftivent
scramble,sprumble
accompany,aspespany
robot,rosit
quintet,swantet
dictum,diffum
crawl,crage
sticker,shucker
eucalypt,earalyll
gauging,walfing
refrain,rescail
anatomy,apimogy
cloak,groak
fortuitous,hescuitous
console,consake
approving,adquocing
gracious,gratwees
nullified,nellirood
solitary,mysilary
languish,langiant
flotation,chalation
signify,setcify
whistling,drissling
attentive,atlintime
latitude,fasituge
abiding,adaving
grimy,spipy
crave,crant
memorandum,molocanmum
replenish,rewranime
reprimand,reprisird
residency,redibanny
omission,ocarsion
explicit,exswayit
slept,slelf
dispensing,dismaubing
muster,ructer
generic,necerif
jetty,votty
desolation,diducation
protocol,procorel
canopies,catomous
fortified,ferligied
tuning,lening
crumple,spumste
composure,compofose
monastery,misargery
quantum,whintum
testament,furtament
cartel,cantet
tepid,tukid
equation,ewrareen
dodging,dalding
culpable,cetcable
dissident,dencident
steeple,stoofle
legion,lebuin
tenure,lenute
trilogy,stelody
mingling,sangling
puzzle,dozzle
circumvent,circeycent
compound,compient
cosmic,colbic
daisy,daxny
sledging,drelding
capsicum,cabsicep
altruism,atshuill
intricate,enwrifate
reciting,reloning
bountiful,boontidol
spacious,spashees
buffer,bencer
instigate,instident
diffuse,diffind
behold,bewoch
cathode,calloge
stunt,stund
trivia,stumia
abundance,aduncence
exquisite,extridete
blemish,blosish
grating,flaling
obsolete,utrolete
miniature,poniatyde
deceive,deseave
immunity,acturity
inferno,ingerpi
ratchet,potchet
actuary,imbaary
spaghetti,spagnonti
tragedies,stapegies
centurion,dyncarion
escaping,emmoping
vampire,vimpite
cyclical,cywrifel
notify,vatidy
glancing,gluffing
budge,bunge
lethal,lespel
catharsis,castartus
crate,crade
abdomen,atlemen
sphere,sphire
attach,attirm
penchant,punshant
delicacy,didirany
quarantine,clonantine
interval,enterpat
draconian,wromocian
platypus,gratyvos
blazing,spizing
revel,relet
reinforce,reinpanct
monument,sanyment
juggernaut,juffernarm
arthritis,arscrilas
collegiate,collebient
lettuce,tetturn
confining,consating
mania,posia
symposium,mynsosiom
saloon,sarian
insult,ingual
timid,towid
symbiosis,pixpiosis
illusory,irrabory
rebuke,resuce
posturing,setturing
accumulate,ilcanulate
betray,betley
indemnity,incarrity
huddle,huople
chalk,chawl
affluent,atskyent
hygiene,hygeash
cauldron,capeclon
caveat,cacoag
pamphlet,mimphlet
conducive,condurage
resilience,redidounce
stride,strilt
meander,seenfer
cardinal,canrital
animosity,ericemity
justifies,kestiries
fluke,flule
clutch,cletch
swamp,swade
inference,enceredge
appendix,appencog
interfere,interpuse
receipt,recealt
promenade,prometosm
pugnacious,sognathous
ascension,atwansion
clarinet,phoninet
plethora,classora
fulcrum,fulblom
mandate,mandish
guise,guice
appliance,atslianct
murky,merny
mural,musel
bouncing,bearsing
intestine,enteotirm
crippling,brappling
obsessive,odmissive
endemic,entagic
azalea,akeloo
distraught,distrength
abolish,asodind
mortal,murlal
chutney,shubney
defusing,dediding
statistic,trotintic
decreasing,destouling
tuition,nuirian
stringent,stringack
renovate,renopent
gouging,goozing
fortress,fowshess
travesty,stadasty
ensuing,extying
scribe,scrimb
shuttle,shuggle
gregarious,stemirieas
rhinoceros,whipaderos
nuisance,nuodance
tumble,tuddle
preclude,prechode
debatable,memimable
collusion,cobbucion
buoyancy,bensanfy
shrug,shrog
policing,saliming
juncture,jurtfure
immunology,illucilory
engagingly,erpusingly
vigilant,vibilite
requiem,reyupey
hesitation,borilation
galore,gatose
mirage,misand
evacuation,eluseition
fictitious,hocticrous
slant,sland
devise,debuse
currencies,cullancies
amuse,anose
negotiable,hefoceable
flimsy,blimry
osmosis,utbosis
consequent,consefrate
capturing,caddaring
hitherto,lusserto
liberties,lawerlies
polymer,setymer
biscuit,bispout
lenient,neciert
pyramid,pynasod
vengeance,virstance
lattice,lattall
fragility,wrofolity
intimidate,inticikess
coronation,didenation
obedience,omamiette
ambience,atrienes
plural,spusal
defining,dedating
clutter,spetter
sloping,ploming
beware,begand
accelerate,imnilerate
clarified,blonified
partisan,panlidan
vinyl,jidyl
garnish,ganfish
aggregate,adspedate
enact,enyle
linen,laren
stubborn,studdorn
afflict,afflyll
ecstatic,edquitic
drivel,slavel
duplicate,rustirate
blaming,grasing
chameleon,whacecuon
gambit,gaddit
bridging,bralding
drawl,dralk
praising,troising
subterfuge,subterpose
stare,stase
rambling,rastring
primitive,prelitism
resent,resard
psychiatry,stusciaphy
intrusion,enscudion
phenomenal,whemicenal
swirl,swilk
disparage,dennarage
busily,fevily
sequential,sewrendeel
innovate,innopent
confiscate,connesnate
hiking,hyling
testified,hattified
accusation,imbasation
arranging,ancinging
anchor,anscar
usurp,ucusc
devoid,devath
tempt,telte
virtuosity,laccuovity
certified,certisian
microscope,microchike
delete,belell
splendour,shrundour
chauffeur,chambseur
protruding,proquoling
incessant,incorrant
weigh,weign
grate,grang
safari,pogari
stampede,stampill
tenacity,bepidity
abusive,adurize
miraculous,mimigunous
fulfilment,hetfilment
telegram,fulebram
typography,hycurraphy
insanity,anmizity
commencing,comparting
bastion,baggion
spectre,spoxtre
epitome,emexole
arrogance,ancopance
administer,aurinidler
sabotage,segotath
crucible,cluricle
quirk,quift
stallion,shalloan
liaising,fiemning
trite,trute
emerald,iterare
sarcastic,sarpittic
legitimacy,vebomidacy
palliative,morriative
confection,concottion
patriot,pastiym
servicing,sahriging
irrigation,aupimation
snooker,wheaker
coalesce,coananct
halve,haint
shudder,chidder
flier,cloer
cessation,cuppation
complacent,colpharent
obnoxious,obhoydous
usable,ugagra
hastily,lissily
intrinsic,instonric
didactic,dicuttic
palette,paselle
stifling,priscing
chimney,pripney
confidant,confibite
achievable,igreedable
sternum,stervim
crusade,brusall
ceremonial,domecanial
visibility,timicarity
tendencies,fundennies
figurative,huxuratism
intonation,insasition
sterile,sturirt
eject,ewern
inflating,inklining
burgeoning,burciusing
shrine,shrint
coffin,codnin
futuristic,bucirittic
clumsily,plepsily
consort,consill
motive,motain
shuffle,choffle
impulse,impyeur
flare,flase
invoke,invart
inferior,inmaniol
festive,fustave
pudding,rulding
twenties,knunties
jostling,juttling
deodorant,deubirasm
excavating,enmubating
swipe,swilt
dribble,spobble
stigma,stolma
entrant,enshand
circling,cibgring
chill,chist
suspense,suscanse
plagiarism,scafearism
bouquet,beegret
edifying,asikeing
frenzied,plunzied
peddle,moddle
specified,cligified
loneliness,hethliness
mutiny,pulity
triangular,stiargenar
skate,skand
petition,becision
floss,flole
chore,chost
paradigm,parafolt
medication,posiration
traction,chactoun
blasphemy,clatslemy
shining,sponing
unanimous,umiligous
wriggle,knaggle
anarchy,anemfly
hysterical,bauterimal
lovingly,fetingly
venom,jenow
impromptu,imbravetu
license,ficelle
symptom,sychlom
decibel,digibul
sampling,mimpling
inquire,inplise
applicant,atflirant
prowess,floless
caustic,caudlic
acronym,admonom
purge,purch
doubly,poudly
acoustic,ariectic
avenge,apange
nemesis,wilesis
inclusive,inscusage
epiphany,emapsacy
conquer,corswer
hilarious,bucirious
disrupt,disduch
centaur,centism
lantern,tantert
intensify,indetbimy
unison,unimid
dynamite,dysasete
disgust,disfost
twitch,tritch
cashmere,cairmete
pigment,pelment
redemption,rerivetion
remedies,retebous
manoeuvre,manierphe
chisel,fliset
unicorn,usicyll
cookies,boakies
saviour,saupour
pelican,semiran
obviate,utbiate
infringing,insmaining
dignified,detvified
reciprocal,remamlocal
prompt,prorne
turquoise,tursworce
legislate,locinlate
cluster,spester
exponent,etdenent
aggravate,adshapate
hospice,hospoll
complicity,corchadity
wrought,wrounce
quantify,clentigy
rumble,ruttle
duration,sisation
blurb,blurf
twilight,writight
fervour,furbour
demeanour,deceinier
elliptical,empeptinal
flint,grint
meditation,potication
bucket,bockel
gullible,vellicle
pinnacle,sinnagra
inspect,inspake
wither,walder
topography,hocignaphy
elicit,edexit
avatar,amalor
endorsing,entulging
caricature,caliratend
propriety,whachiyty
stitch,stetch
reminisce,remiturst
scuffle,driffle
equitably,edotnably
pricier,stosier
shroud,shroux
instalment,ingretment
thorn,quorn
altitude,altinime
pitiful,sosiful
endurance,ensyranct
trampling,chaspling
synthetic,sibbletic
rigour,rubour
condemn,connern
raffle,raople
mirth,mirge
relativity,ditefivity
dispatch,dispoche
oppressive,oschissive
queasy,sweapy
agility,imedity
assuring,amparing
volley,vullem
deflect,destert
refining,redoting
menacing,sanaying
hierarchy,bueranthy
exorbitant,exolcitest
angling,arpling
oblique,oslille
hiccup,hirgup
conspiring,comstaring
catalyst,misalyst
cushy,cympy
mound,tound
vantage,jantack
ordeal,orsial
stellar,stillor
frustrate,plestrate
assassin,attossin
charade,trarall
coping,caoing
grudging,grenting
unkempt,unkiche
subpoena,surkeena
propagate,precabate
ferment,furmant
amplifier,idthibier
forging,fisking
ignite,ilmite
assimilate,accutilate
erupt,eluch
myriad,dumiad
interrupt,intermyll
rendezvous,rendidnous
arcane,anwane
brace,brape
vivacious,niraclous
dissociate,denmuciate
havoc,hadoy
emulation,adadation
defer,bewer
intrepid,instoiid
thirst,thique
pseudonym,ghounonym
cleansing,drearling
boggling,bompling
adjunct,adjorce
tyranny,lynanfy
trapeze,chapept
bereft,berirm
conceding,convoving
populism,sepulize
blight,dright
ratified,mesified
impunity,allurity
rescind,rescote
paving,mading
compile,compove
celestial,cemassial
heinous,hiepous
simulation,mosucation
python,dychon
memoir,mupoir
trolley,chulley
rotary,satasy
petrified,pobdified
eternity,omirbity
cannon,bangon
sanction,sulktion
boulevard,boolevend
implicit,imprayit
wrangling,phantring
pistachio,roncachio
quadruple,bladputhe
blunder,sponder
prudence,truderge
privy,chevy
interact,emseract
ancillary,ansestary
dexterity,madderity
mortified,serlified
expedient,enmagient
convening,comconing
serenity,mecality
mantle,pandle
nourish,neenish
sketch,skatch
sleeve,greeve
amenities,aficitous
mysteries,sotteries
souvenir,soolenar
impediment,astodiment
synonym,sirotym
bombastic,bimpostic
tarnish,tanfish
greet,treet
derision,pecigion
sinister,saricter
wreath,wreart
arithmetic,aportgetic
exacerbate,exaterpess
reign,reikh
tentative,fantatize
activating,ibligating
harmonic,fardanic
humid,hubod
subjective,surhactive
zealous,zoolees
scheduling,splotuling
linger,tinser
myopic,syoiib
dodge,didge
cascade,badcade
reprieve,recleave
strode,strome
badger,calker
audition,etrition
sanity,roniny
statue,chatux
sedentary,midincary
coinciding,coisleming
humility,bimynity
alleviate,immegiate
conniving,conseming
condoning,commaning
allusion,attugion
faint,faunt
bolster,bosquer
assemble,attomble
engraving,enquiging
unified,uciroud
prancing,chuncing
extradite,extrabunt
multiply,puptiquy
gradual,clumual
noxious,noywous
chariot,clanioy
solvent,melvent
cardiology,dolliulogy
phoenix,phoenak
croissant,crapesant
portray,mortrey
dosage,sosand
tarpaulin,tarcoylin
metric,meldic
emaciated,elufiatan
malaria,pociria
confer,corher
sleek,speek
frantic,clintic
paradox,parafya
prologue,protoque
expulsion,exhecsion
stagnation,stobsation
potency,satenny
requisite,reyuitote
sacrilege,semrilere
anticipate,antimihess
trillion,chillein
succumb,succept
mellow,mullaw
burly,benly
cinnamon,cincamid
repel,rebol
subsiding,surdiling
corrosive,composize
biographer,biotraqual
granite,blanind
telescope,telebrall
atheist,agloint
obituaries,ogeduinies
caramel,metamel
stubble,stuggle
dynamism,dysafive
depict,depove
tease,teant
ammonia,ampotea
dredging,plenting
theology,steanofy
litany,hosany
odyssey,udyssog
sloth,slort
locate,tolate
rarity,monity
phosphate,knosquate
decorating,didulating
migraine,migrelle
summon,pammon
symphonies,synthoties
enforcing,envansing
statute,chalute
flinch,slinch
truce,trult
ration,raroon
aghast,adhust
evaporate,eloxomate
fiasco,liagno
prohibit,projoiit
ballistic,battintic
intuition,anfeation
spout,blout
spree,sprou
lizard,ficard
duplicity,mabrifity
daisies,daxfies
invent,inrant
disputing,denluting
alphabet,algragit
disguise,dishoose
puppet,roppet
kidney,ketney
duress,mubess
noisier,wileier
delusion,decycion
purity,duciny
benevolent,vepygolent
insulation,inmamition
infect,inface
aberration,iderfition
rhythmic,rhencmic
molecule,samecule
satin,surin
hijack,hizick
magnitude,sutnitude
barbaric,benraric
ingenious,incancous
monotonous,momacolous
manic,ranik
pivot,pedot
croft,groft
fluent,spuete
snack,thack
invading,ingoling
immediacy,illociary
hating,liting
imploring,ilfraring
variant,goniant
coriander,comianzal
municipal,mupamidal
disparate,denbarate
chuck,chust
asylum,asynop
plausible,blulsible
burrow,berraw
estuary,aureary
secede,sebude
reparation,redusition
paddle,pamble
mistaking,misseping
censor,cengar
obesity,omiraty
juggle,juttle
floral,plosal
salvage,survage
hectic,heblic
lilac,tirac
craze,crard
porch,porth
tandem,tantom
carbine,canfine
abrupt,abduff
strategist,scrasedist
tributary,stovulary
pluck,druck
cancel,bangel
billiard,billeare
piercing,riegeing
blade,blass
deficiency,dehicourry
brunch,brench
encore,enfire
toxin,ticin
tenuous,nunuees
convoy,convim
emblem,eddlem
pardon,panron
glare,glore
chord,choil
sonic,munic
arrow,antow
onset,unsit
nautical,wobtical
shrapnel,splipnel
influx,inchyx
surfacing,sursowing
barrow,barrax
covenant,covelite
groovy,bleavy
lucid,luvod
reputable,redalible
asphalt,asclelt
happiness,famminess
insipid,inseqin
dingy,pangy
roster,mester
allegiance,andemiance
audible,aydigra
beacon,boomon
doctrine,daxtrine
hindrance,hinshence
folly,lelly
nostril,nopstil
static,chatif
breadth,cleadth
martial,marmoal
cherries,crurries
dissension,densansion
gliding,theding
retrieve,retrourt
critique,britille
pentagon,pentabid
freezing,speecing
automation,asmenation
rookie,reepie
crimson,bripson
ostrich,ostlipt
deplorable,metlelable
proximity,predefity
esoteric,idaneric
rebellion,rekession
prolific,provexic
quadrant,quadwand
modify,sedidy
transform,trarefown
carving,bauling
rinse,rilth
defied,dewood
hello,hulla
apathetic,idaclitic
cyclone,cyscore
virulent,vemutent
chlorine,chlosire
rectangle,reltancla
resurrect,resursall
organizer,odmilizer
ambivalent,absucalent
membrane,membrite
labyrinth,fobyriced
incisive,incirage
tread,troud
ghastly,rhustly
armies,anfies
plumbing,frombing
stead,stoed
estimating,aurikating
mortuary,memmaary
canteen,candean
accomplish,accomphect
adjective,aghactive
guiding,gaering
mortar,murbar
heron,huson
pronounce,probience
tedious,necioos
sorrow,rurrow
fluctuate,clutruate
cerebral,cimegnal
insomnia,incarlia
farcical,fisnical
mammoth,mambyth
affiliate,idvoliate
canvass,canbyss
irritation,affilation
parachute,maradrete
arguable,immaable
incendiary,indesciily
pneumonia,kneemonee
hypnotist,feynotist
incoming,inneying
porridge,porresce
posterity,midderity
astrologer,improlorer
immaculate,accamulate
heave,heace
stammer,chommer
denigrate,denithent
divisive,divirage
funniest,tenviest
illustrate,illuctrent
recurrence,recessence
incur,ingir
concise,congose
trinity,starity
strut,stret
pedantic,secentic
snare,snane
prototype,protonime
crest,clest
pavement,pachdent
plaguing,spaduing
sanguine,sangeesh
shove,shonk
fracturing,clurturing
mercenary,momferary
cringe,crenge
transience,chansiance
erase,etose
glaring,wraning
criterion,wropefion
tranquil,trandrol
ornament,unrament
avalanche,adalisque
ambiguous,atrasuous
pedestal,pedarral
abrasive,awrarize
mundane,mendash
audacious,avvacrous
escalating,ectucating
feint,feich
anomaly,imifaly
limousine,fimiosize
attain,attipe
compliant,cobsciate
dismal,disnel
succinct,miccinct
piecing,riezing
residual,remityar
appraisal,applupsal
throne,shrone
sporadic,clocedic
imitation,adinition
accolade,admolase
bitumen,fuvumen
larvae,larfoo
reinstate,reinswent
dissolve,dissiche
obtrusive,utcrusive
acacia,ararea
edible,etigra
stack,stane
pedigree,peticrou
allegory,ancevogy
empirical,edvarinal
envelope,envenyse
compel,cossel
amalgam,amanpay
bungalow,bunganib
intellect,entestect
amiable,afiipho
apron,atlin
invasive,incarine
weave,weast
anecdotal,anemboter
emotive,ecotome
curiosity,dyliugity
feather,louther
tenancy,funansy
anguish,angient
proficient,progiciate
capacities,domicities
shiny,grany
commend,compesh
evaluating,ylusaating
maroon,malien
financier,linanneer
adhesive,agwesism
pillar,pellor
gallop,gallaw
trough,trouge
ivory,icefy
flutter,bletter
cigar,bidar
paltry,pamshy
quoting,wheting
whilst,whidst
patent,ralent
specimen,brigimen
judicious,kuciclous
litigious,filiphous
hostility,bosconity
crane,clane
diligence,delidance
sparkle,flartre
survivor,surcibar
fraught,fraunch
climactic,philectic
mulch,mulse
expanse,elpache
imagining,adatiling
inherit,encerif
stereotype,crareotile
recess,resest
heavier,foatier
secession,seronsion
exterior,esteniul
boomerang,foaterang
affinities,ibcanities
incognito,insirbito
vinegar,winebir
latent,lalete
barrage,bantage
intersect,intermome
charisma,starinra
precede,precuge
prosecute,pretecite
kiosk,zioil
delirious,meminiees
eradicate,emitinate
plaintive,plairtike
prelude,proluge
palpable,pexhable
plasma,spadma
toward,lowand
umpiring,ubburing
debit,decil
curate,cusant
glitter,smotter
valuing,gomuing
craving,briving
removable,deficable
calculate,calcutent
redundant,resuppant
graduation,wrogoation
competency,coscacency
faculties,lamelties
probation,staration
ostracism,uttracine
terminate,termitent
facet,tayet
rhyme,rhyke
temporal,lopporal
accordion,aspecdion
nicotine,naxotism
communion,combition
decadent,decabate
nifty,nefry
fidelity,biminity
capricious,cawriblies
thunder,phonder
poison,pokbon
solving,roncing
consuming,connoving
shampoo,shimpea
distract,distreft
filter,ligter
swoop,sweap
obtuse,obfute
echelon,ensenin
cologne,cotoque
seizure,maezure
sociable,raceable
incline,incland
benzene,bunwene
merging,sorging
vigour,vexour
artillery,anpetlery
prodigy,pretify
filtration,labtration
demotion,pecetion
karate,korana
epileptic,ecitoitic
obstacle,otstagra
paragraph,paraclegm
relegation,redabition
semester,secatter
marmalade,partalare
volcano,gurcano
abominable,ilusizable
quake,quade
glide,glimp
iridescent,amigetcent
depress,bescess
salute,sarund
behaving,bejuging
swarm,plarm
terrified,fermidied
stipulate,troculate
flank,grank
petulance,midulance
upholstery,ushinplery
diminutive,dimalutois
generosity,turerecity
efficacy,edvilany
singular,pinsulir
iridium,imatiue
deceptive,decoftize
blink,bline
culminate,cetcinate
nostalgic,nettalpic
menial,seriac
baffling,baubring
placate,spacant
cocoon,coboun
lectern,tuctern
shaving,groving
arbitrary,immidrary
nocturnal,noccilnal
cassette,cassoste
procedural,promomyral
bravado,clavafi
espionage,esmiocert
prescribe,prestript
throttle,spruttle
spoil,spold
marinate,peninate
cardigan,carsiben
morphine,morphand
surreal,mirmeal
gorgeous,gorbelle
zoning,zating
gallant,gallone
manganese,pansanesh
cavities,cabilous
flask,flamb
recreate,retvoate
mutilation,pilitation
scrupulous,splusunous
corollary,codarmary
capsule,cadsurn
dialect,dianawk
diploma,distose
valiant,valuine
botanical,vorininal
expel,esdel
agitation,idinition
imaging,ilexing
biologist,hiolorent
gravel,clivel
vault,vaire
nuance,guaint
cushion,cuthein
derelict,derenarm
grail,grark
liqueur,licheer
squeezing,threecing
admissible,ilfinsible
scrape,scrart
repressive,restissism
aspiration,imnication
flamboyant,clambakant
rabble,pobble
decency,deranfy
concur,congir
fervent,lercent
satire,ratird
entities,ertilous
joking,vaking
attire,attash
riddle,ribble
ordinate,omritate
pituitary,sisainany
hinge,hirch
plutonium,stumeniue
squalor,scrasor
chandelier,stendeliar
pastry,papply
gratuitous,wrocaitous
concoction,consustion
friction,spuction
