,stim,S,R,RT,block,day,cond
0,devote,W,-1,-1,1,2,multi
1,compost,W,-1,-1,1,2,multi
2,bunnestur,N,-1,-1,1,2,multi
3,crimson,W,-1,-1,1,2,multi
4,tisslu,N,-1,-1,1,2,multi
5,suvar,N,-1,-1,1,2,multi
6,binivilant,N,-1,-1,1,2,multi
7,exuberance,P,-1,-1,1,2,multi
8,manoeuvre,W,-1,-1,1,2,multi
9,compulsion,W,-1,-1,1,2,multi
10,omen,W,-1,-1,1,2,multi
11,shreb,N,-1,-1,1,2,multi
12,venom,W,-1,-1,1,2,multi
13,emanoty,N,-1,-1,1,2,multi
14,daul,N,-1,-1,1,2,multi
15,inteul,N,-1,-1,1,2,multi
16,explicit,W,-1,-1,1,2,multi
17,fotaloty,N,-1,-1,1,2,multi
18,ullisuin,N,-1,-1,1,2,multi
19,hastily,W,-1,-1,1,2,multi
20,melch,N,-1,-1,1,2,multi
21,senctety,N,-1,-1,1,2,multi
22,punitive,P,-1,-1,1,2,multi
23,ecstasy,W,-1,-1,1,2,multi
24,saspand,N,-1,-1,1,2,multi
25,estimating,W,-1,-1,1,2,multi
26,donating,W,-1,-1,1,2,multi
27,ribblo,N,-1,-1,1,2,multi
28,curnego,N,-1,-1,1,2,multi
29,cismatuc,N,-1,-1,1,2,multi
30,munalugao,N,-1,-1,1,2,multi
31,monument,W,-1,-1,1,2,multi
32,okun,N,-1,-1,1,2,multi
33,velafaid,N,-1,-1,1,2,multi
34,tronsmot,N,-1,-1,1,2,multi
35,pawn,W,-1,-1,1,2,multi
36,anecdote,W,-1,-1,1,2,multi
37,rulecitong,N,-1,-1,1,2,multi
38,roam,P,-1,-1,1,2,multi
39,ormuir,N,-1,-1,1,2,multi
40,mendono,N,-1,-1,1,2,multi
41,dulugoto,N,-1,-1,1,2,multi
42,sworl,N,-1,-1,1,2,multi
43,centuir,N,-1,-1,1,2,multi
44,madufy,N,-1,-1,1,2,multi
45,lothorguc,N,-1,-1,1,2,multi
46,allegiance,W,-1,-1,1,2,multi
47,dynamite,W,-1,-1,1,2,multi
48,romady,N,-1,-1,1,2,multi
49,rendezvous,W,-1,-1,1,2,multi
50,registry,W,-1,-1,1,2,multi
51,sworn,W,-1,-1,1,2,multi
52,onvidi,N,-1,-1,1,2,multi
53,huza,N,-1,-1,1,2,multi
54,reprieve,W,-1,-1,1,2,multi
55,imphotuc,N,-1,-1,1,2,multi
56,gesh,N,-1,-1,1,2,multi
57,eerie,W,-1,-1,1,2,multi
58,umberk,N,-1,-1,1,2,multi
59,onelytocol,N,-1,-1,1,2,multi
60,intricate,W,-1,-1,1,2,multi
61,shuffle,P,-1,-1,1,2,multi
62,whelst,N,-1,-1,1,2,multi
63,tralliy,N,-1,-1,1,2,multi
64,moist,W,-1,-1,1,2,multi
65,scint,N,-1,-1,1,2,multi
66,archaic,W,-1,-1,1,2,multi
67,stubborn,W,-1,-1,1,2,multi
68,lash,W,-1,-1,1,2,multi
69,graduation,W,-1,-1,1,2,multi
70,songiunu,N,-1,-1,1,2,multi
71,selpher,N,-1,-1,1,2,multi
72,indulging,W,-1,-1,1,2,multi
73,arthadaxy,N,-1,-1,1,2,multi
74,pravukong,N,-1,-1,1,2,multi
75,exuberance,P,-1,-1,1,2,multi
76,moloeso,N,-1,-1,1,2,multi
77,odhurunca,N,-1,-1,1,2,multi
78,allege,W,-1,-1,1,2,multi
79,stereotype,W,-1,-1,1,2,multi
80,defied,W,-1,-1,1,2,multi
81,umaliti,N,-1,-1,1,2,multi
82,curse,W,-1,-1,1,2,multi
83,shuffle,P,-1,-1,1,2,multi
84,firang,N,-1,-1,1,2,multi
85,lyrac,N,-1,-1,1,2,multi
86,crungo,N,-1,-1,1,2,multi
87,truce,W,-1,-1,1,2,multi
88,shebby,N,-1,-1,1,2,multi
89,protocol,W,-1,-1,1,2,multi
90,docruo,N,-1,-1,1,2,multi
91,ontannu,N,-1,-1,1,2,multi
92,collapsing,W,-1,-1,1,2,multi
93,throttle,W,-1,-1,1,2,multi
94,griuvu,N,-1,-1,1,2,multi
95,fregrinco,N,-1,-1,1,2,multi
96,clattir,N,-1,-1,1,2,multi
97,bittleng,N,-1,-1,1,2,multi
98,renovate,W,-1,-1,1,2,multi
99,punitive,P,-1,-1,1,2,multi
100,rhyma,N,-1,-1,1,2,multi
101,pirsoidung,N,-1,-1,1,2,multi
102,uvolouteng,N,-1,-1,1,2,multi
103,firtofaud,N,-1,-1,1,2,multi
104,sabsadasa,N,-1,-1,1,2,multi
105,canopy,W,-1,-1,1,2,multi
106,itinerary,W,-1,-1,1,2,multi
107,oxpury,N,-1,-1,1,2,multi
108,riesi,N,-1,-1,1,2,multi
109,derivative,W,-1,-1,1,2,multi
110,deodorant,W,-1,-1,1,2,multi
111,dovarsufy,N,-1,-1,1,2,multi
112,dissident,P,-1,-1,1,2,multi
113,emanating,W,-1,-1,1,2,multi
114,epitome,W,-1,-1,1,2,multi
115,cyclocol,N,-1,-1,1,2,multi
116,primitive,W,-1,-1,1,2,multi
117,geeso,N,-1,-1,1,2,multi
118,sketch,W,-1,-1,1,2,multi
119,tolerant,W,-1,-1,1,2,multi
120,spur,W,-1,-1,1,2,multi
121,pave,W,-1,-1,1,2,multi
122,dask,N,-1,-1,1,2,multi
123,needle,W,-1,-1,1,2,multi
124,parole,W,-1,-1,1,2,multi
125,birberec,N,-1,-1,1,2,multi
126,appraisal,W,-1,-1,1,2,multi
127,choet,N,-1,-1,1,2,multi
128,ullovuutu,N,-1,-1,1,2,multi
129,diat,N,-1,-1,1,2,multi
130,veechor,N,-1,-1,1,2,multi
131,attribute,W,-1,-1,1,2,multi
132,hasty,W,-1,-1,1,2,multi
133,shiny,W,-1,-1,1,2,multi
134,privelonca,N,-1,-1,1,2,multi
135,ditch,P,-1,-1,1,2,multi
136,deprive,W,-1,-1,1,2,multi
137,ducurotu,N,-1,-1,1,2,multi
138,grate,W,-1,-1,1,2,multi
139,pier,W,-1,-1,1,2,multi
140,magnet,W,-1,-1,1,2,multi
141,melody,W,-1,-1,1,2,multi
142,prudence,W,-1,-1,1,2,multi
143,scom,N,-1,-1,1,2,multi
144,muntla,N,-1,-1,1,2,multi
145,shuet,N,-1,-1,1,2,multi
146,conclusive,W,-1,-1,1,2,multi
147,nutafaod,N,-1,-1,1,2,multi
148,gigantic,W,-1,-1,1,2,multi
149,roam,P,-1,-1,1,2,multi
150,siccenct,N,-1,-1,1,2,multi
151,stumble,W,-1,-1,1,2,multi
152,persuading,W,-1,-1,1,2,multi
153,ixcorsean,N,-1,-1,1,2,multi
154,psychiatry,W,-1,-1,1,2,multi
155,analytical,W,-1,-1,1,2,multi
156,omaobla,N,-1,-1,1,2,multi
157,tulorint,N,-1,-1,1,2,multi
158,distort,W,-1,-1,1,2,multi
159,dissident,P,-1,-1,1,2,multi
160,moduecru,N,-1,-1,1,2,multi
161,nought,W,-1,-1,1,2,multi
162,grevul,N,-1,-1,1,2,multi
163,flup,N,-1,-1,1,2,multi
164,rattling,W,-1,-1,1,2,multi
165,solitude,W,-1,-1,1,2,multi
166,speculate,W,-1,-1,1,2,multi
167,cenvuy,N,-1,-1,1,2,multi
168,slupt,N,-1,-1,1,2,multi
169,bluff,W,-1,-1,1,2,multi
170,lenan,N,-1,-1,1,2,multi
171,abrupt,W,-1,-1,1,2,multi
172,embagoaty,N,-1,-1,1,2,multi
173,pastereng,N,-1,-1,1,2,multi
174,snare,W,-1,-1,1,2,multi
175,ibleqoo,N,-1,-1,1,2,multi
176,aurora,W,-1,-1,1,2,multi
177,faul,N,-1,-1,1,2,multi
178,agile,W,-1,-1,1,2,multi
179,ditch,P,-1,-1,1,2,multi
180,ridoitaen,N,-1,-1,1,2,multi
181,maturing,W,-1,-1,1,2,multi
182,refute,W,-1,-1,1,2,multi
183,natch,N,-1,-1,1,2,multi
184,pradancu,N,-1,-1,1,2,multi
185,calluturol,N,-1,-1,1,2,multi
186,libel,W,-1,-1,1,2,multi
187,psychu,N,-1,-1,1,2,multi
188,sufu,N,-1,-1,1,2,multi
189,persi,N,-1,-1,1,2,multi
190,sarmun,N,-1,-1,1,2,multi
191,liking,W,-1,-1,1,2,multi
192,enurtao,N,-1,-1,1,2,multi
193,dissident,P,-1,-1,1,2,multi
194,malliw,N,-1,-1,1,2,multi
195,gosh,W,-1,-1,1,2,multi
196,modify,W,-1,-1,1,2,multi
197,mergoo,N,-1,-1,1,2,multi
198,treci,N,-1,-1,1,2,multi
199,smear,W,-1,-1,1,2,multi
200,tuvurn,N,-1,-1,1,2,multi
201,iwuki,N,-1,-1,1,2,multi
202,chisel,W,-1,-1,1,2,multi
203,gluttir,N,-1,-1,1,2,multi
204,disrupt,W,-1,-1,1,2,multi
205,twilight,W,-1,-1,1,2,multi
206,giggle,W,-1,-1,1,2,multi
207,volt,W,-1,-1,1,2,multi
208,d,P,-1,-1,1,2,multi
209,jubilee,W,-1,-1,1,2,multi
210,requiem,W,-1,-1,1,2,multi
211,datir,N,-1,-1,1,2,multi
212,cardigan,W,-1,-1,1,2,multi
213,gagentec,N,-1,-1,1,2,multi
214,ducuy,N,-1,-1,1,2,multi
215,chird,N,-1,-1,1,2,multi
216,endurance,W,-1,-1,1,2,multi
217,testify,P,-1,-1,1,2,multi
218,flip,W,-1,-1,1,2,multi
219,mecebro,N,-1,-1,1,2,multi
220,futuristic,W,-1,-1,1,2,multi
221,uccilidi,N,-1,-1,1,2,multi
222,elligi,N,-1,-1,1,2,multi
223,rink,W,-1,-1,1,2,multi
224,evaluating,W,-1,-1,1,2,multi
225,virafy,N,-1,-1,1,2,multi
226,gospel,W,-1,-1,1,2,multi
227,plentiful,W,-1,-1,1,2,multi
228,vertoasuty,N,-1,-1,1,2,multi
229,perch,W,-1,-1,1,2,multi
230,arcane,W,-1,-1,1,2,multi
231,vigil,W,-1,-1,1,2,multi
232,tavern,W,-1,-1,1,2,multi
233,stob,N,-1,-1,1,2,multi
234,treongli,N,-1,-1,1,2,multi
235,complicate,W,-1,-1,1,2,multi
236,immaculate,W,-1,-1,1,2,multi
237,stion,N,-1,-1,1,2,multi
238,gawn,N,-1,-1,1,2,multi
239,testify,P,-1,-1,1,2,multi
240,preach,W,-1,-1,1,2,multi
241,nucetana,N,-1,-1,1,2,multi
242,conil,N,-1,-1,1,2,multi
243,pemphlat,N,-1,-1,1,2,multi
244,turbulence,W,-1,-1,1,2,multi
245,sermon,W,-1,-1,1,2,multi
246,sect,W,-1,-1,1,2,multi
247,baum,N,-1,-1,1,2,multi
248,psyche,W,-1,-1,1,2,multi
249,ollicotong,N,-1,-1,1,2,multi
250,shuffle,P,-1,-1,1,2,multi
251,porechotu,N,-1,-1,1,2,multi
252,debatable,W,-1,-1,1,2,multi
253,bandla,N,-1,-1,1,2,multi
254,grieving,W,-1,-1,1,2,multi
255,absorption,W,-1,-1,1,2,multi
256,locate,W,-1,-1,1,2,multi
257,plotaea,N,-1,-1,1,2,multi
258,abiding,W,-1,-1,1,2,multi
259,smeg,N,-1,-1,1,2,multi
260,seur,N,-1,-1,1,2,multi
261,canal,W,-1,-1,1,2,multi
262,stibaleso,N,-1,-1,1,2,multi
263,dessedint,N,-1,-1,1,2,multi
264,livelihood,W,-1,-1,1,2,multi
265,cempruhind,N,-1,-1,1,2,multi
266,lecturing,W,-1,-1,1,2,multi
267,optimum,W,-1,-1,1,2,multi
268,caveat,W,-1,-1,1,2,multi
269,poraty,N,-1,-1,1,2,multi
270,stant,N,-1,-1,1,2,multi
271,roam,P,-1,-1,1,2,multi
272,soozo,N,-1,-1,1,2,multi
273,daogneso,N,-1,-1,1,2,multi
274,moisture,W,-1,-1,1,2,multi
275,entrasovu,N,-1,-1,1,2,multi
276,cuelar,N,-1,-1,1,2,multi
277,swom,N,-1,-1,1,2,multi
278,rubble,W,-1,-1,1,2,multi
279,astrology,W,-1,-1,1,2,multi
280,ipoqeu,N,-1,-1,1,2,multi
281,pluntefil,N,-1,-1,1,2,multi
282,imply,W,-1,-1,1,2,multi
283,varnecelor,N,-1,-1,1,2,multi
284,umplucut,N,-1,-1,1,2,multi
285,activism,W,-1,-1,1,2,multi
286,approving,W,-1,-1,1,2,multi
287,testify,P,-1,-1,1,2,multi
288,histy,N,-1,-1,1,2,multi
289,roectar,N,-1,-1,1,2,multi
290,copsalo,N,-1,-1,1,2,multi
291,consume,W,-1,-1,1,2,multi
292,cenui,N,-1,-1,1,2,multi
293,flaoncy,N,-1,-1,1,2,multi
294,strida,N,-1,-1,1,2,multi
295,sleight,W,-1,-1,1,2,multi
296,opprevung,N,-1,-1,1,2,multi
297,exuberance,P,-1,-1,1,2,multi
298,intadetu,N,-1,-1,1,2,multi
299,hurudotiry,N,-1,-1,1,2,multi
300,cologne,W,-1,-1,1,2,multi
301,slodgung,N,-1,-1,1,2,multi
302,reddlo,N,-1,-1,1,2,multi
303,slope,W,-1,-1,1,2,multi
304,valiant,W,-1,-1,1,2,multi
305,elliy,N,-1,-1,1,2,multi
306,vanish,W,-1,-1,1,2,multi
307,tandem,W,-1,-1,1,2,multi
308,latent,W,-1,-1,1,2,multi
309,whum,N,-1,-1,1,2,multi
310,deter,P,-1,-1,1,2,multi
311,vinyl,W,-1,-1,1,2,multi
312,verse,W,-1,-1,1,2,multi
313,pilyistur,N,-1,-1,1,2,multi
314,tresh,N,-1,-1,1,2,multi
315,purinuud,N,-1,-1,1,2,multi
316,abundant,W,-1,-1,1,2,multi
317,dynemuta,N,-1,-1,1,2,multi
318,purtusen,N,-1,-1,1,2,multi
319,farmotova,N,-1,-1,1,2,multi
320,rizer,N,-1,-1,1,2,multi
321,halve,W,-1,-1,1,2,multi
322,seductive,W,-1,-1,1,2,multi
323,qointom,N,-1,-1,1,2,multi
324,iaruo,N,-1,-1,1,2,multi
325,ripoil,N,-1,-1,1,2,multi
326,tarpudu,N,-1,-1,1,2,multi
327,nuisance,W,-1,-1,1,2,multi
328,storvung,N,-1,-1,1,2,multi
329,graovaos,N,-1,-1,1,2,multi
330,roam,P,-1,-1,1,2,multi
331,murry,N,-1,-1,1,2,multi
332,ovisevu,N,-1,-1,1,2,multi
333,devoid,W,-1,-1,1,2,multi
334,labarotong,N,-1,-1,1,2,multi
335,vyang,N,-1,-1,1,2,multi
336,behold,W,-1,-1,1,2,multi
337,anneunda,N,-1,-1,1,2,multi
338,frugmunt,N,-1,-1,1,2,multi
339,qairry,N,-1,-1,1,2,multi
340,advent,W,-1,-1,1,2,multi
341,diversion,W,-1,-1,1,2,multi
342,mund,N,-1,-1,1,2,multi
343,bitumen,W,-1,-1,1,2,multi
344,temper,W,-1,-1,1,2,multi
345,resemble,W,-1,-1,1,2,multi
346,ghastly,W,-1,-1,1,2,multi
347,iscipang,N,-1,-1,1,2,multi
348,checkli,N,-1,-1,1,2,multi
349,vinush,N,-1,-1,1,2,multi
350,testify,P,-1,-1,1,2,multi
351,prafecaont,N,-1,-1,1,2,multi
352,dumunosh,N,-1,-1,1,2,multi
353,doctota,N,-1,-1,1,2,multi
354,spocafy,N,-1,-1,1,2,multi
355,dintil,N,-1,-1,1,2,multi
356,horizontal,W,-1,-1,1,2,multi
357,brilliance,W,-1,-1,1,2,multi
358,avert,W,-1,-1,1,2,multi
359,antirprat,N,-1,-1,1,2,multi
360,cridli,N,-1,-1,1,2,multi
361,ensuing,W,-1,-1,1,2,multi
362,peva,N,-1,-1,1,2,multi
363,evoke,W,-1,-1,1,2,multi
364,angling,W,-1,-1,1,2,multi
365,c,P,-1,-1,1,2,multi
366,humane,W,-1,-1,1,2,multi
367,tenacity,W,-1,-1,1,2,multi
368,rittlu,N,-1,-1,1,2,multi
369,stealth,W,-1,-1,1,2,multi
370,cascade,W,-1,-1,1,2,multi
371,ditch,P,-1,-1,1,2,multi
372,stove,W,-1,-1,1,2,multi
373,dwull,N,-1,-1,1,2,multi
374,palette,W,-1,-1,1,2,multi
375,juggernaut,W,-1,-1,1,2,multi
376,apron,W,-1,-1,1,2,multi
377,chint,N,-1,-1,1,2,multi
378,stature,W,-1,-1,1,2,multi
379,cling,W,-1,-1,1,2,multi
380,umpiring,W,-1,-1,1,2,multi
381,diagram,W,-1,-1,1,2,multi
382,sebtly,N,-1,-1,1,2,multi
383,facade,W,-1,-1,1,2,multi
384,schadeleng,N,-1,-1,1,2,multi
385,bembue,N,-1,-1,1,2,multi
386,grieve,W,-1,-1,1,2,multi
387,anomaly,W,-1,-1,1,2,multi
388,callepseng,N,-1,-1,1,2,multi
389,caligna,N,-1,-1,1,2,multi
390,laft,N,-1,-1,1,2,multi
391,onset,W,-1,-1,1,2,multi
392,convent,W,-1,-1,1,2,multi
393,ditch,P,-1,-1,1,2,multi
394,trolluen,N,-1,-1,1,2,multi
395,coffin,W,-1,-1,1,2,multi
396,rattle,W,-1,-1,1,2,multi
397,evolving,W,-1,-1,1,2,multi
398,guspol,N,-1,-1,1,2,multi
399,domaoneer,N,-1,-1,1,2,multi
400,intuition,W,-1,-1,1,2,multi
401,posh,W,-1,-1,1,2,multi
402,diligent,W,-1,-1,1,2,multi
403,abject,W,-1,-1,1,2,multi
404,default,W,-1,-1,1,2,multi
405,nidgu,N,-1,-1,1,2,multi
406,litter,W,-1,-1,1,2,multi
407,a,P,-1,-1,1,2,multi
408,chamnoy,N,-1,-1,1,2,multi
409,vanorubla,N,-1,-1,1,2,multi
410,paranoid,W,-1,-1,1,2,multi
411,flare,W,-1,-1,1,2,multi
412,pangant,N,-1,-1,1,2,multi
413,inferno,W,-1,-1,1,2,multi
414,wreck,W,-1,-1,1,2,multi
415,b,P,-1,-1,1,2,multi
416,rein,W,-1,-1,1,2,multi
417,lall,N,-1,-1,1,2,multi
418,defunct,W,-1,-1,1,2,multi
419,tistufaud,N,-1,-1,1,2,multi
420,erchova,N,-1,-1,1,2,multi
421,poasong,N,-1,-1,1,2,multi
422,statute,W,-1,-1,1,2,multi
423,terbalont,N,-1,-1,1,2,multi
424,triangle,W,-1,-1,1,2,multi
425,chapel,W,-1,-1,1,2,multi
426,dosraptevu,N,-1,-1,1,2,multi
427,opaque,W,-1,-1,1,2,multi
428,matrix,W,-1,-1,1,2,multi
429,stivu,N,-1,-1,1,2,multi
430,macabre,W,-1,-1,1,2,multi
431,doprevu,N,-1,-1,1,2,multi
432,pirch,N,-1,-1,1,2,multi
433,phabau,N,-1,-1,1,2,multi
434,dafuelt,N,-1,-1,1,2,multi
435,deter,P,-1,-1,1,2,multi
436,plosh,N,-1,-1,1,2,multi
437,stombli,N,-1,-1,1,2,multi
438,durment,N,-1,-1,1,2,multi
439,rebuke,W,-1,-1,1,2,multi
440,chakod,N,-1,-1,1,2,multi
441,vengeance,W,-1,-1,1,2,multi
442,kednip,N,-1,-1,1,2,multi
443,arson,W,-1,-1,1,2,multi
444,heex,N,-1,-1,1,2,multi
445,bump,W,-1,-1,1,2,multi
446,iexeloiry,N,-1,-1,1,2,multi
447,ollagoonca,N,-1,-1,1,2,multi
448,craach,N,-1,-1,1,2,multi
449,navigation,W,-1,-1,1,2,multi
450,shuffle,P,-1,-1,1,2,multi
451,kerutu,N,-1,-1,1,2,multi
452,cassotaan,N,-1,-1,1,2,multi
453,nimble,W,-1,-1,1,2,multi
454,illicit,W,-1,-1,1,2,multi
455,morphine,W,-1,-1,1,2,multi
456,intimidate,W,-1,-1,1,2,multi
457,purge,W,-1,-1,1,2,multi
458,whim,W,-1,-1,1,2,multi
459,mult,N,-1,-1,1,2,multi
460,rofitu,N,-1,-1,1,2,multi
461,vursi,N,-1,-1,1,2,multi
462,bontar,N,-1,-1,1,2,multi
463,ravaveng,N,-1,-1,1,2,multi
464,anutaetoan,N,-1,-1,1,2,multi
465,fork,W,-1,-1,1,2,multi
466,sovvy,N,-1,-1,1,2,multi
467,deter,P,-1,-1,1,2,multi
468,mesiry,N,-1,-1,1,2,multi
469,firk,N,-1,-1,1,2,multi
470,nartori,N,-1,-1,1,2,multi
471,azunu,N,-1,-1,1,2,multi
472,samplefeid,N,-1,-1,1,2,multi
473,skad,N,-1,-1,1,2,multi
474,deter,P,-1,-1,1,2,multi
475,subscribe,W,-1,-1,1,2,multi
476,dostruct,N,-1,-1,1,2,multi
477,arcade,W,-1,-1,1,2,multi
478,refining,W,-1,-1,1,2,multi
479,sprawl,W,-1,-1,1,2,multi
480,pyramid,W,-1,-1,1,2,multi
481,roto,N,-1,-1,1,2,multi
482,tocut,N,-1,-1,1,2,multi
483,strode,W,-1,-1,1,2,multi
484,indulge,W,-1,-1,1,2,multi
485,valvut,N,-1,-1,1,2,multi
486,issart,N,-1,-1,1,2,multi
487,ultimatum,W,-1,-1,1,2,multi
488,nudge,W,-1,-1,1,2,multi
489,sembri,N,-1,-1,1,2,multi
490,rivasoen,N,-1,-1,1,2,multi
491,rosodeu,N,-1,-1,1,2,multi
492,sempleng,N,-1,-1,1,2,multi
493,shuna,N,-1,-1,1,2,multi
494,dilita,N,-1,-1,1,2,multi
495,shuffle,P,-1,-1,1,2,multi
496,acstesy,N,-1,-1,1,2,multi
497,inject,W,-1,-1,1,2,multi
498,monologue,W,-1,-1,1,2,multi
499,jestlung,N,-1,-1,1,2,multi
500,tarch,N,-1,-1,1,2,multi
501,negligent,W,-1,-1,1,2,multi
502,vesubly,N,-1,-1,1,2,multi
503,tock,N,-1,-1,1,2,multi
504,illuminate,W,-1,-1,1,2,multi
505,acronym,W,-1,-1,1,2,multi
506,gollip,N,-1,-1,1,2,multi
507,esoteric,W,-1,-1,1,2,multi
508,robot,W,-1,-1,1,2,multi
509,punitive,P,-1,-1,1,2,multi
510,scorn,W,-1,-1,1,2,multi
511,slung,W,-1,-1,1,2,multi
512,shettlo,N,-1,-1,1,2,multi
513,stead,W,-1,-1,1,2,multi
514,lettory,N,-1,-1,1,2,multi
515,lance,W,-1,-1,1,2,multi
516,spectre,W,-1,-1,1,2,multi
517,dissident,P,-1,-1,1,2,multi
518,inherit,W,-1,-1,1,2,multi
519,hysteria,W,-1,-1,1,2,multi
520,consequent,W,-1,-1,1,2,multi
521,pruspor,N,-1,-1,1,2,multi
522,omblum,N,-1,-1,1,2,multi
523,splendour,W,-1,-1,1,2,multi
524,retrospect,W,-1,-1,1,2,multi
525,shrine,W,-1,-1,1,2,multi
526,remedy,W,-1,-1,1,2,multi
527,ittuntuvi,N,-1,-1,1,2,multi
528,tontotavi,N,-1,-1,1,2,multi
529,meter,W,-1,-1,1,2,multi
530,puzzle,W,-1,-1,1,2,multi
531,diminutive,W,-1,-1,1,2,multi
532,meschouf,N,-1,-1,1,2,multi
533,slender,W,-1,-1,1,2,multi
534,dissident,P,-1,-1,1,2,multi
535,cromsun,N,-1,-1,1,2,multi
536,scribe,W,-1,-1,1,2,multi
537,pekong,N,-1,-1,1,2,multi
538,immediacy,W,-1,-1,1,2,multi
539,rictefoid,N,-1,-1,1,2,multi
540,glaring,W,-1,-1,1,2,multi
541,tractor,W,-1,-1,1,2,multi
542,raleavu,N,-1,-1,1,2,multi
543,scam,W,-1,-1,1,2,multi
544,expiry,W,-1,-1,1,2,multi
545,expanse,W,-1,-1,1,2,multi
546,espionage,W,-1,-1,1,2,multi
547,clarified,W,-1,-1,1,2,multi
548,offulaito,N,-1,-1,1,2,multi
549,tunency,N,-1,-1,1,2,multi
550,logutemucy,N,-1,-1,1,2,multi
551,relinquish,W,-1,-1,1,2,multi
552,hale,W,-1,-1,1,2,multi
553,campaleng,N,-1,-1,1,2,multi
554,soranaty,N,-1,-1,1,2,multi
555,evasion,W,-1,-1,1,2,multi
556,ditch,P,-1,-1,1,2,multi
557,datrect,N,-1,-1,1,2,multi
558,cript,N,-1,-1,1,2,multi
559,atmust,N,-1,-1,1,2,multi
560,wink,W,-1,-1,1,2,multi
561,usharu,N,-1,-1,1,2,multi
562,hypacrasy,N,-1,-1,1,2,multi
563,greet,W,-1,-1,1,2,multi
564,cintrodact,N,-1,-1,1,2,multi
565,udjictovu,N,-1,-1,1,2,multi
566,shack,W,-1,-1,1,2,multi
567,scarce,W,-1,-1,1,2,multi
568,maneceng,N,-1,-1,1,2,multi
569,greeting,W,-1,-1,1,2,multi
570,archival,W,-1,-1,1,2,multi
571,whistling,W,-1,-1,1,2,multi
572,punitive,P,-1,-1,1,2,multi
573,carenetain,N,-1,-1,1,2,multi
574,inhibit,W,-1,-1,1,2,multi
575,eduer,N,-1,-1,1,2,multi
576,giont,N,-1,-1,1,2,multi
577,beumoring,N,-1,-1,1,2,multi
578,vacate,W,-1,-1,1,2,multi
579,hamono,N,-1,-1,1,2,multi
580,mediate,W,-1,-1,1,2,multi
581,crawl,W,-1,-1,1,2,multi
582,hesitant,W,-1,-1,1,2,multi
583,eusla,N,-1,-1,1,2,multi
584,motivate,W,-1,-1,1,2,multi
585,trectuin,N,-1,-1,1,2,multi
586,guumatruc,N,-1,-1,1,2,multi
587,bult,N,-1,-1,1,2,multi
588,dreary,W,-1,-1,1,2,multi
589,chirudu,N,-1,-1,1,2,multi
590,exuberance,P,-1,-1,1,2,multi
591,gludo,N,-1,-1,1,2,multi
592,unjact,N,-1,-1,1,2,multi
593,fiddle,W,-1,-1,1,2,multi
594,cempasung,N,-1,-1,1,2,multi
595,mound,W,-1,-1,1,2,multi
596,soxiphana,N,-1,-1,1,2,multi
597,dasselva,N,-1,-1,1,2,multi
598,razor,W,-1,-1,1,2,multi
599,inference,W,-1,-1,1,2,multi
600,spetoul,N,-1,-1,1,2,multi
601,parachute,W,-1,-1,1,2,multi
602,punitive,P,-1,-1,1,2,multi
603,ruut,N,-1,-1,1,2,multi
604,erdiul,N,-1,-1,1,2,multi
605,tiluscapu,N,-1,-1,1,2,multi
606,flosh,N,-1,-1,1,2,multi
607,staunch,W,-1,-1,1,2,multi
608,tharmel,N,-1,-1,1,2,multi
609,skim,W,-1,-1,1,2,multi
610,dabot,N,-1,-1,1,2,multi
611,shave,W,-1,-1,1,2,multi
612,moltuply,N,-1,-1,1,2,multi
613,pircassaen,N,-1,-1,1,2,multi
614,mamear,N,-1,-1,1,2,multi
615,onfluct,N,-1,-1,1,2,multi
616,rapplo,N,-1,-1,1,2,multi
617,drezzli,N,-1,-1,1,2,multi
618,roam,P,-1,-1,1,2,multi
619,gallop,W,-1,-1,1,2,multi
620,antorect,N,-1,-1,1,2,multi
621,dissolve,W,-1,-1,1,2,multi
622,illiceto,N,-1,-1,1,2,multi
623,resuming,W,-1,-1,1,2,multi
624,instalment,W,-1,-1,1,2,multi
625,rectified,W,-1,-1,1,2,multi
626,trench,W,-1,-1,1,2,multi
627,cliuk,N,-1,-1,1,2,multi
628,expedition,W,-1,-1,1,2,multi
629,ficaletitu,N,-1,-1,1,2,multi
630,nemarucy,N,-1,-1,1,2,multi
631,sanction,W,-1,-1,1,2,multi
632,deter,P,-1,-1,1,2,multi
633,epil,N,-1,-1,1,2,multi
634,idvursaty,N,-1,-1,1,2,multi
635,limousine,W,-1,-1,1,2,multi
636,dwell,W,-1,-1,1,2,multi
637,audible,W,-1,-1,1,2,multi
638,blight,W,-1,-1,1,2,multi
639,unfaranco,N,-1,-1,1,2,multi
640,bulging,W,-1,-1,1,2,multi
641,clounsung,N,-1,-1,1,2,multi
642,berly,N,-1,-1,1,2,multi
643,immunity,W,-1,-1,1,2,multi
644,strovi,N,-1,-1,1,2,multi
645,beiqeot,N,-1,-1,1,2,multi
646,exuberance,P,-1,-1,1,2,multi
647,eccomeleti,N,-1,-1,1,2,multi
648,truuthlun,N,-1,-1,1,2,multi
649,sibjuctevi,N,-1,-1,1,2,multi
650,campist,N,-1,-1,1,2,multi
651,elevation,W,-1,-1,1,2,multi
652,spear,W,-1,-1,1,2,multi
653,palpable,W,-1,-1,1,2,multi
654,urcida,N,-1,-1,1,2,multi
655,chunk,W,-1,-1,1,2,multi
656,siik,N,-1,-1,1,2,multi
657,shompae,N,-1,-1,1,2,multi
658,percussion,W,-1,-1,1,2,multi
659,ibrept,N,-1,-1,1,2,multi
660,frantic,W,-1,-1,1,2,multi
661,centond,N,-1,-1,1,2,multi
662,icrameny,N,-1,-1,1,2,multi
663,roluent,N,-1,-1,1,2,multi
664,testify,P,-1,-1,1,2,multi
665,orad,N,-1,-1,1,2,multi
666,ambiguity,W,-1,-1,2,2,single
667,demeanour,W,-1,-1,2,2,single
668,rippurt,N,-1,-1,2,2,single
669,vucunuty,N,-1,-1,2,2,single
670,traction,W,-1,-1,2,2,single
671,ovida,N,-1,-1,2,2,single
672,ridicule,W,-1,-1,2,2,single
673,sledging,W,-1,-1,2,2,single
674,divulge,P,-1,-1,2,2,single
675,ibadeng,N,-1,-1,2,2,single
676,pill,W,-1,-1,2,2,single
677,danotang,N,-1,-1,2,2,single
678,anticipate,W,-1,-1,2,2,single
679,tullir,N,-1,-1,2,2,single
680,liaison,W,-1,-1,2,2,single
681,prescribe,W,-1,-1,2,2,single
682,merel,N,-1,-1,2,2,single
683,frenzied,W,-1,-1,2,2,single
684,flier,W,-1,-1,2,2,single
685,underonco,N,-1,-1,2,2,single
686,blonk,N,-1,-1,2,2,single
687,divulge,P,-1,-1,2,2,single
688,cuvuit,N,-1,-1,2,2,single
689,roloc,N,-1,-1,2,2,single
690,twinkle,W,-1,-1,2,2,single
691,happier,W,-1,-1,2,2,single
692,treongalir,N,-1,-1,2,2,single
693,residency,W,-1,-1,2,2,single
694,desporuti,N,-1,-1,2,2,single
695,foam,W,-1,-1,2,2,single
696,revolt,W,-1,-1,2,2,single
697,remp,N,-1,-1,2,2,single
698,farlern,N,-1,-1,2,2,single
699,bamboo,W,-1,-1,2,2,single
700,divulge,P,-1,-1,2,2,single
701,invoke,W,-1,-1,2,2,single
702,smug,W,-1,-1,2,2,single
703,threttlo,N,-1,-1,2,2,single
704,eroint,N,-1,-1,2,2,single
705,nageteiblo,N,-1,-1,2,2,single
706,shady,W,-1,-1,2,2,single
707,bounty,W,-1,-1,2,2,single
708,pardon,W,-1,-1,2,2,single
709,prudegy,N,-1,-1,2,2,single
710,dubiclo,N,-1,-1,2,2,single
711,despunsi,N,-1,-1,2,2,single
712,leash,W,-1,-1,2,2,single
713,glea,N,-1,-1,2,2,single
714,cahusevu,N,-1,-1,2,2,single
715,viral,W,-1,-1,2,2,single
716,escalating,W,-1,-1,2,2,single
717,biolaverd,N,-1,-1,2,2,single
718,divulge,P,-1,-1,2,2,single
719,knot,W,-1,-1,2,2,single
720,unclova,N,-1,-1,2,2,single
721,fufty,N,-1,-1,2,2,single
722,froviluos,N,-1,-1,2,2,single
723,communion,W,-1,-1,2,2,single
724,sturolo,N,-1,-1,2,2,single
725,botanical,W,-1,-1,2,2,single
726,hazy,W,-1,-1,2,2,single
727,radiation,W,-1,-1,2,2,single
728,romersi,N,-1,-1,2,2,single
729,tile,W,-1,-1,2,2,single
730,divulge,P,-1,-1,2,2,single
731,legislate,W,-1,-1,2,2,single
732,orchevol,N,-1,-1,2,2,single
733,anipt,N,-1,-1,2,2,single
734,steroid,W,-1,-1,2,2,single
735,casket,W,-1,-1,2,2,single
736,banal,W,-1,-1,2,2,single
737,levengly,N,-1,-1,2,2,single
738,inchur,N,-1,-1,2,2,single
739,nomorecel,N,-1,-1,2,2,single
740,urrunt,N,-1,-1,2,2,single
741,faom,N,-1,-1,2,2,single
742,erratic,W,-1,-1,2,2,single
743,ebataury,N,-1,-1,2,2,single
744,hedging,W,-1,-1,2,2,single
745,stammer,W,-1,-1,2,2,single
746,rulunqoesh,N,-1,-1,2,2,single
747,mulunchily,N,-1,-1,2,2,single
748,hasten,W,-1,-1,2,2,single
749,blandir,N,-1,-1,2,2,single
750,dabotebla,N,-1,-1,2,2,single
751,cinvargu,N,-1,-1,2,2,single
752,atomic,W,-1,-1,2,2,single
753,divulge,P,-1,-1,2,2,single
754,sober,W,-1,-1,2,2,single
755,bannister,W,-1,-1,2,2,single
756,aisle,W,-1,-1,2,2,single
757,lucenoc,N,-1,-1,2,2,single
758,nuaght,N,-1,-1,2,2,single
759,dofacuuncy,N,-1,-1,2,2,single
760,peredy,N,-1,-1,2,2,single
761,mock,W,-1,-1,2,2,single
762,communal,W,-1,-1,2,2,single
763,adequacy,W,-1,-1,2,2,single
764,execute,W,-1,-1,2,2,single
765,triy,N,-1,-1,2,2,single
766,incessant,W,-1,-1,2,2,single
767,leiusin,N,-1,-1,2,2,single
768,divulge,P,-1,-1,2,2,single
769,riot,W,-1,-1,2,2,single
770,thrash,W,-1,-1,2,2,single
771,racquet,W,-1,-1,2,2,single
772,hangi,N,-1,-1,2,2,single
773,pirul,N,-1,-1,2,2,single
774,burly,W,-1,-1,2,2,single
775,reinstate,W,-1,-1,2,2,single
776,deribaloty,N,-1,-1,2,2,single
777,excerpt,W,-1,-1,2,2,single
778,sleng,N,-1,-1,2,2,single
779,allusion,W,-1,-1,2,2,single
780,paradox,W,-1,-1,2,2,single
781,typong,N,-1,-1,2,2,single
782,pratatypa,N,-1,-1,2,2,single
783,pazzlu,N,-1,-1,2,2,single
784,sunctein,N,-1,-1,2,2,single
785,divulge,P,-1,-1,2,2,single
786,rousing,W,-1,-1,2,2,single
787,vecitu,N,-1,-1,2,2,single
788,duet,W,-1,-1,2,2,single
789,karaoke,W,-1,-1,2,2,single
790,racuprucel,N,-1,-1,2,2,single
791,lull,W,-1,-1,2,2,single
792,ispuront,N,-1,-1,2,2,single
793,protancu,N,-1,-1,2,2,single
794,prevalence,W,-1,-1,2,2,single
795,yiwn,N,-1,-1,2,2,single
796,smack,W,-1,-1,2,2,single
797,provoking,W,-1,-1,2,2,single
798,burrow,W,-1,-1,2,2,single
799,divulge,P,-1,-1,2,2,single
800,gosp,N,-1,-1,2,2,single
801,poker,W,-1,-1,2,2,single
802,uttoch,N,-1,-1,2,2,single
803,receptive,W,-1,-1,2,2,single
804,proton,W,-1,-1,2,2,single
805,connung,N,-1,-1,2,2,single
806,ucrenym,N,-1,-1,2,2,single
807,lethargic,W,-1,-1,2,2,single
808,evade,W,-1,-1,2,2,single
809,clorufy,N,-1,-1,2,2,single
810,feud,W,-1,-1,2,2,single
811,sperel,N,-1,-1,2,2,single
812,brittle,W,-1,-1,2,2,single
813,ersen,N,-1,-1,2,2,single
814,divulge,P,-1,-1,2,2,single
815,tuwol,N,-1,-1,2,2,single
816,hoel,N,-1,-1,2,2,single
817,tistefy,N,-1,-1,2,2,single
818,nogh,N,-1,-1,2,2,single
819,trumpet,W,-1,-1,2,2,single
820,nuance,W,-1,-1,2,2,single
821,lomp,N,-1,-1,2,2,single
822,contradict,W,-1,-1,2,2,single
823,viad,N,-1,-1,2,2,single
824,simplified,W,-1,-1,2,2,single
825,divulge,P,-1,-1,2,2,single
826,sludge,W,-1,-1,2,2,single
827,sper,N,-1,-1,2,2,single
828,polyester,W,-1,-1,2,2,single
829,flap,W,-1,-1,2,2,single
830,fraught,W,-1,-1,2,2,single
831,scramble,W,-1,-1,2,2,single
832,notified,W,-1,-1,2,2,single
833,inglang,N,-1,-1,2,2,single
834,vault,W,-1,-1,2,2,single
835,resonant,W,-1,-1,2,2,single
836,delegate,W,-1,-1,2,2,single
837,divulge,P,-1,-1,2,2,single
838,ubadi,N,-1,-1,2,2,single
839,ripotatavi,N,-1,-1,2,2,single
840,rosarginco,N,-1,-1,2,2,single
841,motto,W,-1,-1,2,2,single
842,scarcity,W,-1,-1,2,2,single
843,dilute,W,-1,-1,2,2,single
844,duflact,N,-1,-1,2,2,single
845,whack,W,-1,-1,2,2,single
846,wiuva,N,-1,-1,2,2,single
847,divisive,W,-1,-1,2,2,single
848,custodial,W,-1,-1,2,2,single
849,stockir,N,-1,-1,2,2,single
850,divulge,P,-1,-1,2,2,single
851,aroma,W,-1,-1,2,2,single
852,eori,N,-1,-1,2,2,single
853,patutuin,N,-1,-1,2,2,single
854,lesh,N,-1,-1,2,2,single
855,chelut,N,-1,-1,2,2,single
856,homage,W,-1,-1,2,2,single
857,competency,W,-1,-1,2,2,single
858,compiling,W,-1,-1,2,2,single
859,exorbitant,W,-1,-1,2,2,single
860,curvi,N,-1,-1,2,2,single
861,petea,N,-1,-1,2,2,single
862,affinity,W,-1,-1,2,2,single
863,stunt,W,-1,-1,2,2,single
864,skid,W,-1,-1,2,2,single
865,pruvilunt,N,-1,-1,2,2,single
866,clep,N,-1,-1,2,2,single
867,majesty,W,-1,-1,2,2,single
868,preserving,W,-1,-1,2,2,single
869,divulge,P,-1,-1,2,2,single
870,elegance,W,-1,-1,2,2,single
871,burriw,N,-1,-1,2,2,single
872,unciptaan,N,-1,-1,2,2,single
873,thurst,N,-1,-1,2,2,single
874,tonglu,N,-1,-1,2,2,single
875,volley,W,-1,-1,2,2,single
876,wivan,N,-1,-1,2,2,single
877,rabolloun,N,-1,-1,2,2,single
878,griim,N,-1,-1,2,2,single
879,melurou,N,-1,-1,2,2,single
880,ziilias,N,-1,-1,2,2,single
881,cemputanco,N,-1,-1,2,2,single
882,skirmish,W,-1,-1,2,2,single
883,pessimism,W,-1,-1,2,2,single
884,fuablu,N,-1,-1,2,2,single
885,embark,W,-1,-1,2,2,single
886,divulge,P,-1,-1,2,2,single
887,trolley,W,-1,-1,2,2,single
888,compel,W,-1,-1,2,2,single
889,playful,W,-1,-1,2,2,single
890,encer,N,-1,-1,2,2,single
891,buhuveng,N,-1,-1,2,2,single
892,tromput,N,-1,-1,2,2,single
893,evacuate,W,-1,-1,2,2,single
894,cerdogun,N,-1,-1,2,2,single
895,evacuation,W,-1,-1,2,2,single
896,hiol,N,-1,-1,2,2,single
897,fluent,W,-1,-1,2,2,single
898,fliril,N,-1,-1,2,2,single
899,tacit,W,-1,-1,2,2,single
900,rejoice,W,-1,-1,2,2,single
901,dulota,N,-1,-1,2,2,single
902,ozone,W,-1,-1,2,2,single
903,scriem,N,-1,-1,2,2,single
904,trivia,W,-1,-1,2,2,single
905,divulge,P,-1,-1,2,2,single
906,lomeesuna,N,-1,-1,2,2,single
907,ceshaan,N,-1,-1,2,2,single
908,costidail,N,-1,-1,2,2,single
909,assert,W,-1,-1,2,2,single
910,umon,N,-1,-1,2,2,single
911,enclave,W,-1,-1,2,2,single
912,spaer,N,-1,-1,2,2,single
913,mejustuc,N,-1,-1,2,2,single
914,lever,W,-1,-1,2,2,single
915,stimulant,W,-1,-1,2,2,single
916,feblo,N,-1,-1,2,2,single
917,cenfosi,N,-1,-1,2,2,single
918,bricang,N,-1,-1,2,2,single
919,forging,W,-1,-1,2,2,single
920,ivicautoun,N,-1,-1,2,2,single
921,meil,N,-1,-1,2,2,single
922,anatu,N,-1,-1,2,2,single
923,divulge,P,-1,-1,2,2,single
924,perogroph,N,-1,-1,2,2,single
925,zealous,W,-1,-1,2,2,single
926,pike,W,-1,-1,2,2,single
927,uphimurel,N,-1,-1,2,2,single
928,stabilise,W,-1,-1,2,2,single
929,murky,W,-1,-1,2,2,single
930,faint,W,-1,-1,2,2,single
931,repressive,W,-1,-1,2,2,single
932,akin,W,-1,-1,2,2,single
933,phesphotu,N,-1,-1,2,2,single
934,divulge,P,-1,-1,2,2,single
935,matti,N,-1,-1,2,2,single
936,geometric,W,-1,-1,2,2,single
937,lettur,N,-1,-1,2,2,single
938,karate,W,-1,-1,2,2,single
939,multiply,W,-1,-1,2,2,single
940,spria,N,-1,-1,2,2,single
941,dovursain,N,-1,-1,2,2,single
942,divulge,P,-1,-1,2,2,single
943,decency,W,-1,-1,2,2,single
944,estralugy,N,-1,-1,2,2,single
945,bleght,N,-1,-1,2,2,single
946,aduam,N,-1,-1,2,2,single
947,barrow,W,-1,-1,2,2,single
948,chill,W,-1,-1,2,2,single
949,prouch,N,-1,-1,2,2,single
950,ruka,N,-1,-1,2,2,single
951,antansufy,N,-1,-1,2,2,single
952,plural,W,-1,-1,2,2,single
953,enerchy,N,-1,-1,2,2,single
954,valluy,N,-1,-1,2,2,single
955,scromblu,N,-1,-1,2,2,single
956,flutter,W,-1,-1,2,2,single
957,shreg,N,-1,-1,2,2,single
958,ullaro,N,-1,-1,2,2,single
959,accumulate,W,-1,-1,2,2,single
960,oxplecet,N,-1,-1,2,2,single
961,ixpidatoen,N,-1,-1,2,2,single
962,divulge,P,-1,-1,2,2,single
963,carton,W,-1,-1,2,2,single
964,borsirk,N,-1,-1,2,2,single
965,firtolo,N,-1,-1,2,2,single
966,jolly,W,-1,-1,2,2,single
967,pravetaso,N,-1,-1,2,2,single
968,invasive,W,-1,-1,2,2,single
969,grail,W,-1,-1,2,2,single
970,imporung,N,-1,-1,2,2,single
971,guilugocil,N,-1,-1,2,2,single
972,divulge,P,-1,-1,2,2,single
973,replica,W,-1,-1,2,2,single
974,anonymity,W,-1,-1,2,2,single
975,vunem,N,-1,-1,2,2,single
976,antogrutu,N,-1,-1,2,2,single
977,dufacoant,N,-1,-1,2,2,single
978,disparate,W,-1,-1,2,2,single
979,cenyin,N,-1,-1,2,2,single
980,chimney,W,-1,-1,2,2,single
981,reap,W,-1,-1,2,2,single
982,interfere,W,-1,-1,2,2,single
983,hystoroe,N,-1,-1,2,2,single
984,divulge,P,-1,-1,2,2,single
985,brollouncu,N,-1,-1,2,2,single
986,cahusoin,N,-1,-1,2,2,single
987,driid,N,-1,-1,2,2,single
988,filtration,W,-1,-1,2,2,single
989,stagnant,W,-1,-1,2,2,single
990,debit,W,-1,-1,2,2,single
991,cumulative,W,-1,-1,2,2,single
992,siditi,N,-1,-1,2,2,single
993,ataqaatta,N,-1,-1,2,2,single
994,ontamadito,N,-1,-1,2,2,single
995,phosphate,W,-1,-1,2,2,single
996,maul,W,-1,-1,2,2,single
997,civurt,N,-1,-1,2,2,single
998,deflect,W,-1,-1,2,2,single
999,olliy,N,-1,-1,2,2,single
1000,endilga,N,-1,-1,2,2,single
1001,rombli,N,-1,-1,2,2,single
1002,pedestal,W,-1,-1,2,2,single
1003,fosuan,N,-1,-1,2,2,single
1004,wrangling,W,-1,-1,2,2,single
1005,gerrusun,N,-1,-1,2,2,single
1006,teblaud,N,-1,-1,2,2,single
1007,eccosa,N,-1,-1,2,2,single
1008,meck,N,-1,-1,2,2,single
1009,divulge,P,-1,-1,2,2,single
1010,glue,W,-1,-1,2,2,single
1011,timpor,N,-1,-1,2,2,single
1012,bamp,N,-1,-1,2,2,single
1013,bonol,N,-1,-1,2,2,single
1014,benign,W,-1,-1,2,2,single
1015,ovilvang,N,-1,-1,2,2,single
1016,grund,N,-1,-1,2,2,single
1017,crum,N,-1,-1,2,2,single
1018,cimpilsuvu,N,-1,-1,2,2,single
1019,cutter,W,-1,-1,2,2,single
1020,andilgang,N,-1,-1,2,2,single
1021,upetumo,N,-1,-1,2,2,single
1022,ibasung,N,-1,-1,2,2,single
1023,cinvuy,N,-1,-1,2,2,single
1024,divulge,P,-1,-1,2,2,single
1025,peril,W,-1,-1,2,2,single
1026,mingling,W,-1,-1,2,2,single
1027,cendod,N,-1,-1,2,2,single
1028,descend,W,-1,-1,2,2,single
1029,parcuevi,N,-1,-1,2,2,single
1030,boulevard,W,-1,-1,2,2,single
1031,cemploont,N,-1,-1,2,2,single
1032,rotafoid,N,-1,-1,2,2,single
1033,crift,N,-1,-1,2,2,single
1034,docout,N,-1,-1,2,2,single
1035,liosy,N,-1,-1,2,2,single
1036,grotesque,W,-1,-1,2,2,single
1037,vicinity,W,-1,-1,2,2,single
1038,omonitung,N,-1,-1,2,2,single
1039,blossom,W,-1,-1,2,2,single
1040,odhoru,N,-1,-1,2,2,single
1041,cempotincy,N,-1,-1,2,2,single
1042,chant,W,-1,-1,2,2,single
1043,saporveso,N,-1,-1,2,2,single
1044,fluency,W,-1,-1,2,2,single
1045,divulge,P,-1,-1,2,2,single
1046,swam,W,-1,-1,2,2,single
1047,analogue,W,-1,-1,2,2,single
1048,sham,W,-1,-1,2,2,single
1049,ruseduncy,N,-1,-1,2,2,single
1050,shaddor,N,-1,-1,2,2,single
1051,divulge,P,-1,-1,2,2,single
1052,dicodunt,N,-1,-1,2,2,single
1053,slondur,N,-1,-1,2,2,single
1054,pestoru,N,-1,-1,2,2,single
1055,clutch,W,-1,-1,2,2,single
1056,lousy,W,-1,-1,2,2,single
1057,porgili,N,-1,-1,2,2,single
1058,copied,W,-1,-1,2,2,single
1059,scrape,W,-1,-1,2,2,single
1060,sparse,W,-1,-1,2,2,single
1061,lanaer,N,-1,-1,2,2,single
1062,funcofal,N,-1,-1,2,2,single
1063,linear,W,-1,-1,2,2,single
1064,ripple,W,-1,-1,2,2,single
1065,tarrofoud,N,-1,-1,2,2,single
1066,divulge,P,-1,-1,2,2,single
1067,scraba,N,-1,-1,2,2,single
1068,wrenglung,N,-1,-1,2,2,single
1069,anfarne,N,-1,-1,2,2,single
1070,odupt,N,-1,-1,2,2,single
1071,surreal,W,-1,-1,2,2,single
1072,uppiral,N,-1,-1,2,2,single
1073,rujieca,N,-1,-1,2,2,single
1074,ixplidang,N,-1,-1,2,2,single
1075,motuny,N,-1,-1,2,2,single
1076,strap,W,-1,-1,2,2,single
1077,maind,N,-1,-1,2,2,single
1078,plerul,N,-1,-1,2,2,single
1079,ubresevi,N,-1,-1,2,2,single
1080,subjective,W,-1,-1,2,2,single
1081,divulge,P,-1,-1,2,2,single
1082,eltamotem,N,-1,-1,2,2,single
1083,aide,W,-1,-1,2,2,single
1084,repeal,W,-1,-1,2,2,single
1085,doctrine,W,-1,-1,2,2,single
1086,mediocre,W,-1,-1,2,2,single
1087,foltor,N,-1,-1,2,2,single
1088,worship,W,-1,-1,2,2,single
1089,trocang,N,-1,-1,2,2,single
1090,ettrubatu,N,-1,-1,2,2,single
1091,intensify,W,-1,-1,2,2,single
1092,vealt,N,-1,-1,2,2,single
1093,slicing,W,-1,-1,2,2,single
1094,algae,W,-1,-1,2,2,single
1095,shaving,W,-1,-1,2,2,single
1096,epilepsy,W,-1,-1,2,2,single
1097,divulge,P,-1,-1,2,2,single
1098,stebbarn,N,-1,-1,2,2,single
1099,thwart,W,-1,-1,2,2,single
1100,preclude,W,-1,-1,2,2,single
1101,groft,N,-1,-1,2,2,single
1102,plecud,N,-1,-1,2,2,single
1103,canoe,W,-1,-1,2,2,single
1104,imaging,W,-1,-1,2,2,single
1105,nameduc,N,-1,-1,2,2,single
1106,carve,W,-1,-1,2,2,single
1107,griti,N,-1,-1,2,2,single
1108,franzoud,N,-1,-1,2,2,single
1109,botemun,N,-1,-1,2,2,single
1110,trevui,N,-1,-1,2,2,single
1111,parculien,N,-1,-1,2,2,single
1112,haze,W,-1,-1,2,2,single
1113,crist,N,-1,-1,2,2,single
1114,cinclesovi,N,-1,-1,2,2,single
1115,mural,W,-1,-1,2,2,single
1116,enamoly,N,-1,-1,2,2,single
1117,scercoty,N,-1,-1,2,2,single
1118,indemnity,W,-1,-1,2,2,single
1119,divulge,P,-1,-1,2,2,single
1120,hiad,N,-1,-1,2,2,single
1121,invade,W,-1,-1,2,2,single
1122,soturecil,N,-1,-1,2,2,single
1123,luminous,W,-1,-1,2,2,single
1124,ghutti,N,-1,-1,2,2,single
1125,raplecu,N,-1,-1,2,2,single
1126,divulge,P,-1,-1,2,2,single
1127,clergy,W,-1,-1,2,2,single
1128,oclupsa,N,-1,-1,2,2,single
1129,censost,N,-1,-1,2,2,single
1130,envisage,W,-1,-1,2,2,single
1131,seveeer,N,-1,-1,2,2,single
1132,eost,N,-1,-1,2,2,single
1133,ellirgy,N,-1,-1,2,2,single
1134,niosenco,N,-1,-1,2,2,single
1135,drewn,N,-1,-1,2,2,single
1136,unducotevu,N,-1,-1,2,2,single
1137,peppit,N,-1,-1,2,2,single
1138,cannon,W,-1,-1,2,2,single
1139,potency,W,-1,-1,2,2,single
1140,gronotu,N,-1,-1,2,2,single
1141,idecitong,N,-1,-1,2,2,single
1142,duad,N,-1,-1,2,2,single
1143,iffocecy,N,-1,-1,2,2,single
1144,ixpidoant,N,-1,-1,2,2,single
1145,charitable,W,-1,-1,2,2,single
1146,berrew,N,-1,-1,2,2,single
1147,rucopteva,N,-1,-1,2,2,single
1148,divulge,P,-1,-1,2,2,single
1149,prodigy,W,-1,-1,2,2,single
1150,bloff,N,-1,-1,2,2,single
1151,ombor,N,-1,-1,2,2,single
1152,rapport,W,-1,-1,2,2,single
1153,lemp,N,-1,-1,2,2,single
1154,fluur,N,-1,-1,2,2,single
1155,intocepotu,N,-1,-1,2,2,single
1156,shrewd,W,-1,-1,2,2,single
1157,trilogy,W,-1,-1,2,2,single
1158,rasant,N,-1,-1,2,2,single
1159,saviour,W,-1,-1,2,2,single
1160,equitable,W,-1,-1,2,2,single
1161,ollomuneta,N,-1,-1,2,2,single
1162,ithoc,N,-1,-1,2,2,single
1163,scant,W,-1,-1,2,2,single
1164,focut,N,-1,-1,2,2,single
1165,pruscreba,N,-1,-1,2,2,single
1166,divulge,P,-1,-1,2,2,single
1167,visibly,W,-1,-1,2,2,single
1168,antracitu,N,-1,-1,2,2,single
1169,compliment,W,-1,-1,2,2,single
1170,stalk,W,-1,-1,2,2,single
1171,daruvutava,N,-1,-1,2,2,single
1172,fiad,N,-1,-1,2,2,single
1173,allay,W,-1,-1,2,2,single
1174,berserk,W,-1,-1,2,2,single
1175,petant,N,-1,-1,2,2,single
1176,divulge,P,-1,-1,2,2,single
1177,damenateva,N,-1,-1,2,2,single
1178,grudoutain,N,-1,-1,2,2,single
1179,writh,N,-1,-1,2,2,single
1180,privy,W,-1,-1,2,2,single
1181,saxophone,W,-1,-1,2,2,single
1182,goelugy,N,-1,-1,2,2,single
1183,fuunt,N,-1,-1,2,2,single
1184,pakor,N,-1,-1,2,2,single
1185,unite,W,-1,-1,2,2,single
1186,velvet,W,-1,-1,2,2,single
1187,divulge,P,-1,-1,2,2,single
1188,lamunaas,N,-1,-1,2,2,single
1189,rumnint,N,-1,-1,2,2,single
1190,wrostlu,N,-1,-1,2,2,single
1191,misery,W,-1,-1,2,2,single
1192,ortellary,N,-1,-1,2,2,single
1193,fragment,W,-1,-1,2,2,single
1194,stroy,N,-1,-1,2,2,single
1195,savvy,W,-1,-1,2,2,single
1196,uvury,N,-1,-1,2,2,single
1197,divulge,P,-1,-1,2,2,single
1198,abusing,W,-1,-1,2,2,single
1199,whock,N,-1,-1,2,2,single
1200,iriduceti,N,-1,-1,2,2,single
1201,suspense,W,-1,-1,2,2,single
1202,stifle,W,-1,-1,2,2,single
1203,chopal,N,-1,-1,2,2,single
1204,believable,W,-1,-1,2,2,single
1205,idiom,W,-1,-1,2,2,single
1206,cinsamo,N,-1,-1,2,2,single
1207,porosh,N,-1,-1,2,2,single
1208,duveso,N,-1,-1,2,2,single
1209,chereteblo,N,-1,-1,2,2,single
1210,unvaobli,N,-1,-1,2,2,single
1211,shoveng,N,-1,-1,2,2,single
1212,regulating,W,-1,-1,2,2,single
1213,keesk,N,-1,-1,2,2,single
1214,bohuld,N,-1,-1,2,2,single
1215,sibetigu,N,-1,-1,2,2,single
1216,divulge,P,-1,-1,2,2,single
1217,weave,W,-1,-1,2,2,single
1218,prototype,W,-1,-1,2,2,single
1219,crush,W,-1,-1,2,2,single
1220,mantle,W,-1,-1,2,2,single
1221,sturdy,W,-1,-1,2,2,single
1222,swirm,N,-1,-1,2,2,single
1223,skip,W,-1,-1,2,2,single
1224,pridant,N,-1,-1,2,2,single
1225,croft,W,-1,-1,2,2,single
1226,ipalupsy,N,-1,-1,2,2,single
1227,diravi,N,-1,-1,2,2,single
1228,divulge,P,-1,-1,2,2,single
1229,ballistic,W,-1,-1,2,2,single
1230,besh,N,-1,-1,2,2,single
1231,odvartasa,N,-1,-1,2,2,single
1232,eneentod,N,-1,-1,2,2,single
1233,socket,W,-1,-1,2,2,single
1234,behaving,W,-1,-1,2,2,single
1235,orcona,N,-1,-1,2,2,single
1236,fossil,W,-1,-1,2,2,single
1237,porch,W,-1,-1,2,2,single
1238,grievous,W,-1,-1,2,2,single
1239,trit,N,-1,-1,2,2,single
1240,transmit,W,-1,-1,2,2,single
1241,swern,N,-1,-1,2,2,single
1242,uxcuto,N,-1,-1,2,2,single
1243,cite,W,-1,-1,2,2,single
1244,onciro,N,-1,-1,2,2,single
1245,divulge,P,-1,-1,2,2,single
1246,purudogm,N,-1,-1,2,2,single
1247,impulse,W,-1,-1,2,2,single
1248,idiqeucy,N,-1,-1,2,2,single
1249,gimmick,W,-1,-1,2,2,single
1250,entorrept,N,-1,-1,2,2,single
1251,storuud,N,-1,-1,2,2,single
1252,raprussuva,N,-1,-1,2,2,single
1253,paddle,W,-1,-1,2,2,single
1254,tuning,W,-1,-1,2,2,single
1255,mundane,W,-1,-1,2,2,single
1256,ripototaen,N,-1,-1,2,2,single
1257,orient,W,-1,-1,2,2,single
1258,overt,W,-1,-1,2,2,single
1259,plethora,W,-1,-1,2,2,single
1260,attentive,W,-1,-1,2,2,single
1261,turbulent,W,-1,-1,2,2,single
1262,urbane,W,-1,-1,2,2,single
1263,beulagy,N,-1,-1,2,2,single
1264,futhim,N,-1,-1,2,2,single
1265,harp,W,-1,-1,2,2,single
1266,whilst,W,-1,-1,2,2,single
1267,sunu,N,-1,-1,2,2,single
1268,risuluant,N,-1,-1,2,2,single
1269,deficient,W,-1,-1,2,2,single
1270,rogustry,N,-1,-1,2,2,single
1271,divulge,P,-1,-1,2,2,single
1272,roip,N,-1,-1,2,2,single
1273,lengir,N,-1,-1,2,2,single
1274,shum,N,-1,-1,2,2,single
1275,soliun,N,-1,-1,2,2,single
1276,archetypal,W,-1,-1,2,2,single
1277,jakeng,N,-1,-1,2,2,single
1278,cansolitu,N,-1,-1,2,2,single
1279,defiant,W,-1,-1,2,2,single
1280,pledging,W,-1,-1,2,2,single
1281,divulge,P,-1,-1,2,2,single
1282,decorate,W,-1,-1,2,2,single
1283,demeaning,W,-1,-1,2,2,single
1284,towel,W,-1,-1,2,2,single
1285,chuckle,W,-1,-1,2,2,single
1286,errant,W,-1,-1,2,2,single
1287,wikeng,N,-1,-1,2,2,single
1288,alienating,W,-1,-1,2,2,single
1289,runivetung,N,-1,-1,2,2,single
1290,drill,W,-1,-1,2,2,single
1291,ammudeocy,N,-1,-1,2,2,single
1292,grind,W,-1,-1,2,2,single
1293,chaotic,W,-1,-1,2,2,single
1294,sphara,N,-1,-1,2,2,single
1295,rhyme,W,-1,-1,2,2,single
1296,abscona,N,-1,-1,2,2,single
1297,filter,W,-1,-1,2,2,single
1298,divulge,P,-1,-1,2,2,single
1299,void,W,-1,-1,2,2,single
1300,braudth,N,-1,-1,2,2,single
1301,excite,W,-1,-1,2,2,single
1302,koul,N,-1,-1,2,2,single
1303,regal,W,-1,-1,2,2,single
1304,durability,W,-1,-1,2,2,single
1305,knet,N,-1,-1,2,2,single
1306,divulge,P,-1,-1,2,2,single
1307,atipei,N,-1,-1,2,2,single
1308,pausing,W,-1,-1,2,2,single
1309,lovingly,W,-1,-1,2,2,single
1310,sladgi,N,-1,-1,2,2,single
1311,heavier,W,-1,-1,2,2,single
1312,entragou,N,-1,-1,2,2,single
1313,viola,W,-1,-1,2,2,single
1314,rake,W,-1,-1,2,2,single
1315,zenong,N,-1,-1,2,2,single
1316,notch,W,-1,-1,2,2,single
1317,divulge,P,-1,-1,2,2,single
1318,fervent,W,-1,-1,2,2,single
1319,usculuta,N,-1,-1,2,2,single
1320,liberating,W,-1,-1,2,2,single
1321,clinch,W,-1,-1,2,2,single
1322,acre,W,-1,-1,2,2,single
1323,ronk,N,-1,-1,2,2,single
1324,battalion,W,-1,-1,2,2,single
1325,bodgo,N,-1,-1,2,2,single
1326,selveng,N,-1,-1,2,2,single
1327,reum,N,-1,-1,2,2,single
1328,chuck,W,-1,-1,2,2,single
1329,kidnap,W,-1,-1,2,2,single
1330,cinfar,N,-1,-1,2,2,single
1331,forn,N,-1,-1,2,2,single
